name,iterations,real_time,cpu_time,time_unit,bytes_per_second,items_per_second,label,error_occurred,error_message,"avg_size","bits","failures","fpr","retries","size"
"Fuse_3/FPR/166/1/1/1000000/10000000/0/iterations:100/manual_time/threads:48",4800,0,15.0038,ms,,,,,,622592,4.98074,0,0.124985,0,622592
"Fuse_3/FPR/175/1/1/1000000/10000000/0/iterations:100/manual_time/threads:48",4800,0,14.9443,ms,,,,,,656280,5.25024,0,0.124996,0,656280
"Fuse_3/FPR/183/1/1/1000000/10000000/0/iterations:100/manual_time/threads:48",4800,0,14.3222,ms,,,,,,686264,5.49011,0,0.124993,0,686264
"Fuse_3/FPR/191/1/1/1000000/10000000/0/iterations:100/manual_time/threads:48",4800,0,14.366,ms,,,,,,716336,5.73069,0,0.124998,0,716336
"Fuse_3/FPR/200/1/1/1000000/10000000/0/iterations:100/manual_time/threads:48",4800,0,14.6506,ms,,,,,,750024,6.00019,0,0.124996,0,750024
"Fuse_4/FPR/125/1/1/1000000/10000000/0/iterations:100/manual_time/threads:48",4800,0,14.1431,ms,,,,,,625112,5.0009,0,0.0625047,0,625112
"Fuse_4/FPR/131/1/1/1000000/10000000/0/iterations:100/manual_time/threads:48",4800,0,14.1896,ms,,,,,,655016,5.24013,0,0.0624935,0,655016
"Fuse_4/FPR/137/1/1/1000000/10000000/0/iterations:100/manual_time/threads:48",4800,0,14.2472,ms,,,,,,685240,5.48192,0,0.0624981,0,685240
"Fuse_4/FPR/143/1/1/1000000/10000000/0/iterations:100/manual_time/threads:48",4800,0,14.2682,ms,,,,,,715008,5.72006,0,0.0625105,0,715008
"Fuse_4/FPR/150/1/1/1000000/10000000/0/iterations:100/manual_time/threads:48",4800,0,14.3327,ms,,,,,,750104,6.00083,0,0.0625127,0,750104
"Fuse_4/FPR/156/1/1/1000000/10000000/0/iterations:100/manual_time/threads:48",4800,0,14.4577,ms,,,,,,780008,6.24006,0,0.0625001,0,780008
"Fuse_4/FPR/162/1/1/1000000/10000000/0/iterations:100/manual_time/threads:48",4800,0,14.5695,ms,,,,,,810040,6.48032,0,0.0625168,0,810040
"Fuse_4/FPR/168/1/1/1000000/10000000/0/iterations:100/manual_time/threads:48",4800,0,14.7227,ms,,,,,,840064,6.72051,0,0.0625054,0,840064
"Fuse_4/FPR/175/1/1/1000000/10000000/0/iterations:100/manual_time/threads:48",4800,0,14.9098,ms,,,,,,875040,7.00032,0,0.0625018,0,875040
"Fuse_4/FPR/181/1/1/1000000/10000000/0/iterations:100/manual_time/threads:48",4800,0,15.1342,ms,,,,,,905064,7.24051,0,0.0625046,0,905064
"Fuse_4/FPR/187/1/1/1000000/10000000/0/iterations:100/manual_time/threads:48",4800,0,15.3876,ms,,,,,,935032,7.48026,0,0.0624946,0,935032
"Fuse_4/FPR/193/1/1/1000000/10000000/0/iterations:100/manual_time/threads:48",4800,0,15.649,ms,,,,,,965064,7.72051,0,0.0624989,0,965064
"Fuse_4/FPR/200/1/1/1000000/10000000/0/iterations:100/manual_time/threads:48",4800,0,16.2507,ms,,,,,,1.00003e+06,8.00026,0,0.0625066,0,1.00003e+06
"Fuse_5/FPR/100/1/1/1000000/10000000/0/iterations:100/manual_time/threads:48",4800,0,90.4902,ms,,,,,,625064,5.00051,100,-nan,16,625064
"Fuse_5/FPR/105/1/1/1000000/10000000/0/iterations:100/manual_time/threads:48",4800,0,94.5005,ms,,,,,,656264,5.25011,100,-nan,16,656264
"Fuse_5/FPR/110/1/1/1000000/10000000/0/iterations:100/manual_time/threads:48",4800,0,98.4009,ms,,,,,,687544,5.50035,100,-nan,16,687544
"Fuse_5/FPR/115/1/1/1000000/10000000/0/iterations:100/manual_time/threads:48",4800,0,13.2318,ms,,,,,,718824,5.75059,0,0.0312457,0,718824
"Fuse_5/FPR/120/1/1/1000000/10000000/0/iterations:100/manual_time/threads:48",4800,0,13.7451,ms,,,,,,750024,6.00019,0,0.0312383,0,750024
"Fuse_5/FPR/125/1/1/1000000/10000000/0/iterations:100/manual_time/threads:48",4800,0,14.9115,ms,,,,,,781392,6.25114,0,0.0312524,0,781392
"Fuse_5/FPR/130/1/1/1000000/10000000/0/iterations:100/manual_time/threads:48",4800,0,15.2072,ms,,,,,,812512,6.5001,0,0.0312631,0,812512
"Fuse_5/FPR/135/1/1/1000000/10000000/0/iterations:100/manual_time/threads:48",4800,0,15.3087,ms,,,,,,843792,6.75034,0,0.0312472,0,843792
"Fuse_5/FPR/140/1/1/1000000/10000000/0/iterations:100/manual_time/threads:48",4800,0,15.3992,ms,,,,,,875072,7.00058,0,0.0312512,0,875072
"Fuse_5/FPR/145/1/1/1000000/10000000/0/iterations:100/manual_time/threads:48",4800,0,15.5929,ms,,,,,,906272,7.25018,0,0.0312602,0,906272
"Fuse_5/FPR/150/1/1/1000000/10000000/0/iterations:100/manual_time/threads:48",4800,0,15.7987,ms,,,,,,937632,7.50106,0,0.0312566,0,937632
"Fuse_5/FPR/155/1/1/1000000/10000000/0/iterations:100/manual_time/threads:48",4800,0,16.0619,ms,,,,,,968832,7.75066,0,0.0312476,0,968832
"Fuse_5/FPR/160/1/1/1000000/10000000/0/iterations:100/manual_time/threads:48",4800,0,16.343,ms,,,,,,1.00003e+06,8.00026,0,0.0312447,0,1.00003e+06
"Fuse_5/FPR/165/1/1/1000000/10000000/0/iterations:100/manual_time/threads:48",4800,0,16.6677,ms,,,,,,1.03148e+06,8.25184,0,0.0312504,0,1.03148e+06
"Fuse_5/FPR/170/1/1/1000000/10000000/0/iterations:100/manual_time/threads:48",4800,0,17.052,ms,,,,,,1.06251e+06,8.5001,0,0.0312434,0,1.06251e+06
"Fuse_5/FPR/175/1/1/1000000/10000000/0/iterations:100/manual_time/threads:48",4800,0,17.416,ms,,,,,,1.0938e+06,8.7504,0,0.0312532,0,1.0938e+06
"Fuse_5/FPR/180/1/1/1000000/10000000/0/iterations:100/manual_time/threads:48",4800,0,17.8611,ms,,,,,,1.12516e+06,9.00128,0,0.0312486,0,1.12516e+06
"Fuse_5/FPR/185/1/1/1000000/10000000/0/iterations:100/manual_time/threads:48",4800,0,18.2597,ms,,,,,,1.15636e+06,9.25088,0,0.0312525,0,1.15636e+06
"Fuse_5/FPR/190/1/1/1000000/10000000/0/iterations:100/manual_time/threads:48",4800,0,18.54,ms,,,,,,1.18756e+06,9.50048,0,0.0312391,0,1.18756e+06
"Fuse_5/FPR/195/1/1/1000000/10000000/0/iterations:100/manual_time/threads:48",4800,0,19.0926,ms,,,,,,1.21876e+06,9.75008,0,0.0312517,0,1.21876e+06
"Fuse_5/FPR/200/1/1/1000000/10000000/0/iterations:100/manual_time/threads:48",4800,0,19.6054,ms,,,,,,1.25004e+06,10.0003,0,0.0312518,0,1.25004e+06
"Fuse_6/FPR/100/1/1/1000000/10000000/0/iterations:100/manual_time/threads:48",4800,0,90.8238,ms,,,,,,750080,6.00064,100,-nan,16,750080
"Fuse_6/FPR/104/1/1/1000000/10000000/0/iterations:100/manual_time/threads:48",4800,0,93.1716,ms,,,,,,780008,6.24006,100,-nan,16,780008
"Fuse_6/FPR/108/1/1/1000000/10000000/0/iterations:100/manual_time/threads:48",4800,0,95.9332,ms,,,,,,810040,6.48032,100,-nan,16,810040
"Fuse_6/FPR/112/1/1/1000000/10000000/0/iterations:100/manual_time/threads:48",4800,0,55.8461,ms,,,,,,840072,6.72058,24,0.0156275,16,840072
"Fuse_6/FPR/116/1/1/1000000/10000000/0/iterations:100/manual_time/threads:48",4800,0,14.2606,ms,,,,,,870096,6.96077,0,0.0156314,0,870096
"Fuse_6/FPR/120/1/1/1000000/10000000/0/iterations:100/manual_time/threads:48",4800,0,14.7766,ms,,,,,,900032,7.20026,0,0.0156212,0,900032
"Fuse_6/FPR/125/1/1/1000000/10000000/0/iterations:100/manual_time/threads:48",4800,0,16.1597,ms,,,,,,937664,7.50131,0,0.0156217,0,937664
"Fuse_6/FPR/129/1/1/1000000/10000000/0/iterations:100/manual_time/threads:48",4800,0,16.5219,ms,,,,,,967600,7.7408,0,0.0156252,0,967600
"Fuse_6/FPR/133/1/1/1000000/10000000/0/iterations:100/manual_time/threads:48",4800,0,16.7432,ms,,,,,,997536,7.98029,0,0.0156252,0,997536
"Fuse_6/FPR/137/1/1/1000000/10000000/0/iterations:100/manual_time/threads:48",4800,0,16.9756,ms,,,,,,1.02786e+06,8.22285,0,0.0156252,0,1.02786e+06
"Fuse_6/FPR/141/1/1/1000000/10000000/0/iterations:100/manual_time/threads:48",4800,0,17.2837,ms,,,,,,1.05759e+06,8.46074,0,0.0156229,0,1.05759e+06
"Fuse_6/FPR/145/1/1/1000000/10000000/0/iterations:100/manual_time/threads:48",4800,0,17.6515,ms,,,,,,1.08753e+06,8.70022,0,0.0156303,0,1.08753e+06
"Fuse_6/FPR/150/1/1/1000000/10000000/0/iterations:100/manual_time/threads:48",4800,0,18.0598,ms,,,,,,1.12516e+06,9.00128,0,0.0156291,0,1.12516e+06
"Fuse_6/FPR/154/1/1/1000000/10000000/0/iterations:100/manual_time/threads:48",4800,0,18.4032,ms,,,,,,1.1551e+06,9.24077,0,0.0156235,0,1.1551e+06
"Fuse_6/FPR/158/1/1/1000000/10000000/0/iterations:100/manual_time/threads:48",4800,0,18.8487,ms,,,,,,1.18502e+06,9.48019,0,0.0156297,0,1.18502e+06
"Fuse_6/FPR/162/1/1/1000000/10000000/0/iterations:100/manual_time/threads:48",4800,0,19.2177,ms,,,,,,1.21506e+06,9.72045,0,0.015631,0,1.21506e+06
"Fuse_6/FPR/166/1/1/1000000/10000000/0/iterations:100/manual_time/threads:48",4800,0,19.709,ms,,,,,,1.24518e+06,9.96147,0,0.0156236,0,1.24518e+06
"Fuse_6/FPR/170/1/1/1000000/10000000/0/iterations:100/manual_time/threads:48",4800,0,20.1055,ms,,,,,,1.27502e+06,10.2001,0,0.0156249,0,1.27502e+06
"Fuse_6/FPR/175/1/1/1000000/10000000/0/iterations:100/manual_time/threads:48",4800,0,20.6047,ms,,,,,,1.31255e+06,10.5004,0,0.0156306,0,1.31255e+06
"Fuse_6/FPR/179/1/1/1000000/10000000/0/iterations:100/manual_time/threads:48",4800,0,20.9619,ms,,,,,,1.34258e+06,10.7407,0,0.0156292,0,1.34258e+06
"Fuse_6/FPR/183/1/1/1000000/10000000/0/iterations:100/manual_time/threads:48",4800,0,21.3621,ms,,,,,,1.37252e+06,10.9802,0,0.0156236,0,1.37252e+06
"Fuse_6/FPR/187/1/1/1000000/10000000/0/iterations:100/manual_time/threads:48",4800,0,21.8164,ms,,,,,,1.40254e+06,11.2204,0,0.0156197,0,1.40254e+06
"Fuse_6/FPR/191/1/1/1000000/10000000/0/iterations:100/manual_time/threads:48",4800,0,22.1522,ms,,,,,,1.43267e+06,11.4614,0,0.0156333,0,1.43267e+06
"Fuse_6/FPR/195/1/1/1000000/10000000/0/iterations:100/manual_time/threads:48",4800,0,22.5461,ms,,,,,,1.46251e+06,11.7001,0,0.0156268,0,1.46251e+06
"Fuse_6/FPR/200/1/1/1000000/10000000/0/iterations:100/manual_time/threads:48",4800,0,23.0444,ms,,,,,,1.50005e+06,12.0004,0,0.0156221,0,1.50005e+06
"Fuse_7/FPR/100/1/1/1000000/10000000/0/iterations:100/manual_time/threads:48",4800,0,90.5549,ms,,,,,,875088,7.0007,100,-nan,16,875088
"Fuse_7/FPR/103/1/1/1000000/10000000/0/iterations:100/manual_time/threads:48",4800,0,92.8793,ms,,,,,,901368,7.21094,100,-nan,16,901368
"Fuse_7/FPR/107/1/1/1000000/10000000/0/iterations:100/manual_time/threads:48",4800,0,96.0599,ms,,,,,,936288,7.4903,100,-nan,16,936288
"Fuse_7/FPR/110/1/1/1000000/10000000/0/iterations:100/manual_time/threads:48",4800,0,98.9882,ms,,,,,,962560,7.70048,100,-nan,16,962560
"Fuse_7/FPR/114/1/1/1000000/10000000/0/iterations:100/manual_time/threads:48",4800,0,15.2948,ms,,,,,,997600,7.9808,0,0.00781383,0,997600
"Fuse_7/FPR/117/1/1/1000000/10000000/0/iterations:100/manual_time/threads:48",4800,0,15.7549,ms,,,,,,1.02376e+06,8.19008,0,0.00781314,0,1.02376e+06
"Fuse_7/FPR/121/1/1/1000000/10000000/0/iterations:100/manual_time/threads:48",4800,0,16.5089,ms,,,,,,1.05879e+06,8.47034,0,0.00781463,0,1.05879e+06
"Fuse_7/FPR/125/1/1/1000000/10000000/0/iterations:100/manual_time/threads:48",4800,0,17.9809,ms,,,,,,1.09394e+06,8.75155,0,0.00780755,0,1.09394e+06
"Fuse_7/FPR/128/1/1/1000000/10000000/0/iterations:100/manual_time/threads:48",4800,0,18.4289,ms,,,,,,1.1201e+06,8.96083,0,0.00781083,0,1.1201e+06
"Fuse_7/FPR/132/1/1/1000000/10000000/0/iterations:100/manual_time/threads:48",4800,0,18.8234,ms,,,,,,1.15514e+06,9.24115,0,0.00781441,0,1.15514e+06
"Fuse_7/FPR/135/1/1/1000000/10000000/0/iterations:100/manual_time/threads:48",4800,0,19.0996,ms,,,,,,1.1813e+06,9.45043,0,0.00781279,0,1.1813e+06
"Fuse_7/FPR/139/1/1/1000000/10000000/0/iterations:100/manual_time/threads:48",4800,0,19.5273,ms,,,,,,1.21634e+06,9.73069,0,0.00781408,0,1.21634e+06
"Fuse_7/FPR/142/1/1/1000000/10000000/0/iterations:100/manual_time/threads:48",4800,0,19.8648,ms,,,,,,1.24262e+06,9.94093,0,0.00781555,0,1.24262e+06
"Fuse_7/FPR/146/1/1/1000000/10000000/0/iterations:100/manual_time/threads:48",4800,0,20.2836,ms,,,,,,1.27754e+06,10.2203,0,0.00780967,0,1.27754e+06
"Fuse_7/FPR/150/1/1/1000000/10000000/0/iterations:100/manual_time/threads:48",4800,0,20.7381,ms,,,,,,1.31269e+06,10.5015,0,0.00781125,0,1.31269e+06
"Fuse_7/FPR/153/1/1/1000000/10000000/0/iterations:100/manual_time/threads:48",4800,0,21.0999,ms,,,,,,1.33885e+06,10.7108,0,0.00780592,0,1.33885e+06
"Fuse_7/FPR/157/1/1/1000000/10000000/0/iterations:100/manual_time/threads:48",4800,0,21.531,ms,,,,,,1.37377e+06,10.9901,0,0.0078141,0,1.37377e+06
"Fuse_7/FPR/160/1/1/1000000/10000000/0/iterations:100/manual_time/threads:48",4800,0,21.7954,ms,,,,,,1.40005e+06,11.2004,0,0.00780661,0,1.40005e+06
"Fuse_7/FPR/164/1/1/1000000/10000000/0/iterations:100/manual_time/threads:48",4800,0,22.3864,ms,,,,,,1.43519e+06,11.4815,0,0.00781415,0,1.43519e+06
"Fuse_7/FPR/167/1/1/1000000/10000000/0/iterations:100/manual_time/threads:48",4800,0,22.6381,ms,,,,,,1.46136e+06,11.6909,0,0.00781057,0,1.46136e+06
"Fuse_7/FPR/171/1/1/1000000/10000000/0/iterations:100/manual_time/threads:48",4800,0,23.1047,ms,,,,,,1.49628e+06,11.9702,0,0.00780917,0,1.49628e+06
"Fuse_7/FPR/175/1/1/1000000/10000000/0/iterations:100/manual_time/threads:48",4800,0,23.4738,ms,,,,,,1.53131e+06,12.2505,0,0.00780998,0,1.53131e+06
"Fuse_7/FPR/178/1/1/1000000/10000000/0/iterations:100/manual_time/threads:48",4800,0,23.7756,ms,,,,,,1.55782e+06,12.4625,0,0.00780773,0,1.55782e+06
"Fuse_7/FPR/182/1/1/1000000/10000000/0/iterations:100/manual_time/threads:48",4800,0,24.146,ms,,,,,,1.59251e+06,12.7401,0,0.00780858,0,1.59251e+06
"Fuse_7/FPR/185/1/1/1000000/10000000/0/iterations:100/manual_time/threads:48",4800,0,24.4595,ms,,,,,,1.6189e+06,12.9512,0,0.00781477,0,1.6189e+06
"Fuse_7/FPR/189/1/1/1000000/10000000/0/iterations:100/manual_time/threads:48",4800,0,24.806,ms,,,,,,1.65382e+06,13.2306,0,0.0078073,0,1.65382e+06
"Fuse_7/FPR/192/1/1/1000000/10000000/0/iterations:100/manual_time/threads:48",4800,0,25.072,ms,,,,,,1.68022e+06,13.4417,0,0.00780369,0,1.68022e+06
"Fuse_7/FPR/196/1/1/1000000/10000000/0/iterations:100/manual_time/threads:48",4800,0,25.3754,ms,,,,,,1.71514e+06,13.7211,0,0.00780608,0,1.71514e+06
"Fuse_7/FPR/200/1/1/1000000/10000000/0/iterations:100/manual_time/threads:48",4800,0,25.7561,ms,,,,,,1.75006e+06,14.0004,0,0.00780459,0,1.75006e+06
"Fuse_8/FPR/100/1/1/1000000/10000000/0/iterations:100/manual_time/threads:48",4800,0,90.7555,ms,,,,,,1.0001e+06,8.00077,100,-nan,16,1.0001e+06
"Fuse_8/FPR/103/1/1/1000000/10000000/0/iterations:100/manual_time/threads:48",4800,0,92.8448,ms,,,,,,1.03012e+06,8.24096,100,-nan,16,1.03012e+06
"Fuse_8/FPR/106/1/1/1000000/10000000/0/iterations:100/manual_time/threads:48",4800,0,95.1627,ms,,,,,,1.06015e+06,8.48122,100,-nan,16,1.06015e+06
"Fuse_8/FPR/109/1/1/1000000/10000000/0/iterations:100/manual_time/threads:48",4800,0,97.7629,ms,,,,,,1.09006e+06,8.72045,100,-nan,16,1.09006e+06
"Fuse_8/FPR/112/1/1/1000000/10000000/0/iterations:100/manual_time/threads:48",4800,0,55.8262,ms,,,,,,1.12008e+06,8.96064,24,0.00391027,6,1.12008e+06
"Fuse_8/FPR/115/1/1/1000000/10000000/0/iterations:100/manual_time/threads:48",4800,0,15.5147,ms,,,,,,1.15011e+06,9.2009,0,0.00390196,0,1.15011e+06
"Fuse_8/FPR/118/1/1/1000000/10000000/0/iterations:100/manual_time/threads:48",4800,0,16.0651,ms,,,,,,1.18002e+06,9.44013,0,0.00390855,0,1.18002e+06
"Fuse_8/FPR/121/1/1/1000000/10000000/0/iterations:100/manual_time/threads:48",4800,0,16.6901,ms,,,,,,1.21004e+06,9.68032,0,0.00390555,0,1.21004e+06
"Fuse_8/FPR/125/1/1/1000000/10000000/0/iterations:100/manual_time/threads:48",4800,0,18.1801,ms,,,,,,1.25022e+06,10.0017,0,0.00390224,0,1.25022e+06
"Fuse_8/FPR/128/1/1/1000000/10000000/0/iterations:100/manual_time/threads:48",4800,0,18.6757,ms,,,,,,1.28011e+06,10.2409,0,0.00390626,0,1.28011e+06
"Fuse_8/FPR/131/1/1/1000000/10000000/0/iterations:100/manual_time/threads:48",4800,0,18.9412,ms,,,,,,1.31002e+06,10.4801,0,0.00390973,0,1.31002e+06
"Fuse_8/FPR/134/1/1/1000000/10000000/0/iterations:100/manual_time/threads:48",4800,0,19.2218,ms,,,,,,1.34004e+06,10.7203,0,0.00390678,0,1.34004e+06
"Fuse_8/FPR/137/1/1/1000000/10000000/0/iterations:100/manual_time/threads:48",4800,0,19.6319,ms,,,,,,1.37046e+06,10.9637,0,0.00390083,0,1.37046e+06
"Fuse_8/FPR/140/1/1/1000000/10000000/0/iterations:100/manual_time/threads:48",4800,0,19.8633,ms,,,,,,1.4001e+06,11.2008,0,0.00390674,0,1.4001e+06
"Fuse_8/FPR/143/1/1/1000000/10000000/0/iterations:100/manual_time/threads:48",4800,0,20.1798,ms,,,,,,1.43e+06,11.44,0,0.00390193,0,1.43e+06
"Fuse_8/FPR/146/1/1/1000000/10000000/0/iterations:100/manual_time/threads:48",4800,0,20.397,ms,,,,,,1.46003e+06,11.6803,0,0.00390615,0,1.46003e+06
"Fuse_8/FPR/150/1/1/1000000/10000000/0/iterations:100/manual_time/threads:48",4800,0,20.773,ms,,,,,,1.5002e+06,12.0016,0,0.00390845,0,1.5002e+06
"Fuse_8/FPR/153/1/1/1000000/10000000/0/iterations:100/manual_time/threads:48",4800,0,21.0131,ms,,,,,,1.5301e+06,12.2408,0,0.00390411,0,1.5301e+06
"Fuse_8/FPR/156/1/1/1000000/10000000/0/iterations:100/manual_time/threads:48",4800,0,21.276,ms,,,,,,1.56e+06,12.48,0,0.00390609,0,1.56e+06
"Fuse_8/FPR/159/1/1/1000000/10000000/0/iterations:100/manual_time/threads:48",4800,0,21.4901,ms,,,,,,1.59016e+06,12.7213,0,0.00390305,0,1.59016e+06
"Fuse_8/FPR/162/1/1/1000000/10000000/0/iterations:100/manual_time/threads:48",4800,0,21.7621,ms,,,,,,1.62006e+06,12.9605,0,0.00390932,0,1.62006e+06
"Fuse_8/FPR/165/1/1/1000000/10000000/0/iterations:100/manual_time/threads:48",4800,0,22.0124,ms,,,,,,1.65035e+06,13.2028,0,0.00390852,0,1.65035e+06
"Fuse_8/FPR/168/1/1/1000000/10000000/0/iterations:100/manual_time/threads:48",4800,0,22.1898,ms,,,,,,1.68012e+06,13.441,0,0.00390695,0,1.68012e+06
"Fuse_8/FPR/171/1/1/1000000/10000000/0/iterations:100/manual_time/threads:48",4800,0,22.4157,ms,,,,,,1.71002e+06,13.6802,0,0.00390492,0,1.71002e+06
"Fuse_8/FPR/175/1/1/1000000/10000000/0/iterations:100/manual_time/threads:48",4800,0,22.6946,ms,,,,,,1.75006e+06,14.0005,0,0.00390527,0,1.75006e+06
"Fuse_8/FPR/178/1/1/1000000/10000000/0/iterations:100/manual_time/threads:48",4800,0,22.9036,ms,,,,,,1.78035e+06,14.2428,0,0.00390371,0,1.78035e+06
"Fuse_8/FPR/181/1/1/1000000/10000000/0/iterations:100/manual_time/threads:48",4800,0,23.0907,ms,,,,,,1.81012e+06,14.481,0,0.00390288,0,1.81012e+06
"Fuse_8/FPR/184/1/1/1000000/10000000/0/iterations:100/manual_time/threads:48",4800,0,23.2494,ms,,,,,,1.84028e+06,14.7222,0,0.00390299,0,1.84028e+06
"Fuse_8/FPR/187/1/1/1000000/10000000/0/iterations:100/manual_time/threads:48",4800,0,23.4184,ms,,,,,,1.87006e+06,14.9604,0,0.00390349,0,1.87006e+06
"Fuse_8/FPR/190/1/1/1000000/10000000/0/iterations:100/manual_time/threads:48",4800,0,23.5854,ms,,,,,,1.90008e+06,15.2006,0,0.00390452,0,1.90008e+06
"Fuse_8/FPR/193/1/1/1000000/10000000/0/iterations:100/manual_time/threads:48",4800,0,23.7548,ms,,,,,,1.93011e+06,15.4409,0,0.00390438,0,1.93011e+06
"Fuse_8/FPR/196/1/1/1000000/10000000/0/iterations:100/manual_time/threads:48",4800,0,23.9213,ms,,,,,,1.96014e+06,15.6812,0,0.00390251,0,1.96014e+06
"Fuse_8/FPR/200/1/1/1000000/10000000/0/iterations:100/manual_time/threads:48",4800,0,24.0938,ms,,,,,,2.00006e+06,16.0004,0,0.0039019,0,2.00006e+06
"Fuse_9/FPR/100/1/1/1000000/10000000/0/iterations:100/manual_time/threads:48",4800,0,90.7691,ms,,,,,,1.12511e+06,9.0009,100,-nan,16,1.12511e+06
"Fuse_9/FPR/102/1/1/1000000/10000000/0/iterations:100/manual_time/threads:48",4800,0,92.175,ms,,,,,,1.14793e+06,9.18342,100,-nan,16,1.14793e+06
"Fuse_9/FPR/105/1/1/1000000/10000000/0/iterations:100/manual_time/threads:48",4800,0,94.3906,ms,,,,,,1.18127e+06,9.45018,100,-nan,16,1.18127e+06
"Fuse_9/FPR/108/1/1/1000000/10000000/0/iterations:100/manual_time/threads:48",4800,0,96.9586,ms,,,,,,1.21506e+06,9.72045,100,-nan,16,1.21506e+06
"Fuse_9/FPR/111/1/1/1000000/10000000/0/iterations:100/manual_time/threads:48",4800,0,100.781,ms,,,,,,1.24884e+06,9.99072,100,-nan,16,1.24884e+06
"Fuse_9/FPR/113/1/1/1000000/10000000/0/iterations:100/manual_time/threads:48",4800,0,18.5549,ms,,,,,,1.27137e+06,10.1709,0,0.00195235,0,1.27137e+06
"Fuse_9/FPR/116/1/1/1000000/10000000/0/iterations:100/manual_time/threads:48",4800,0,19.2349,ms,,,,,,1.30514e+06,10.4412,0,0.00195441,0,1.30514e+06
"Fuse_9/FPR/119/1/1/1000000/10000000/0/iterations:100/manual_time/threads:48",4800,0,19.9065,ms,,,,,,1.33893e+06,10.7114,0,0.00195268,0,1.33893e+06
"Fuse_9/FPR/122/1/1/1000000/10000000/0/iterations:100/manual_time/threads:48",4800,0,20.6611,ms,,,,,,1.37257e+06,10.9805,0,0.00195185,0,1.37257e+06
"Fuse_9/FPR/125/1/1/1000000/10000000/0/iterations:100/manual_time/threads:48",4800,0,22.1153,ms,,,,,,1.4065e+06,11.252,0,0.00195208,0,1.4065e+06
"Fuse_9/FPR/127/1/1/1000000/10000000/0/iterations:100/manual_time/threads:48",4800,0,22.4669,ms,,,,,,1.42887e+06,11.431,0,0.00195441,0,1.42887e+06
"Fuse_9/FPR/130/1/1/1000000/10000000/0/iterations:100/manual_time/threads:48",4800,0,22.8325,ms,,,,,,1.46251e+06,11.7001,0,0.00195392,0,1.46251e+06
"Fuse_9/FPR/133/1/1/1000000/10000000/0/iterations:100/manual_time/threads:48",4800,0,23.2437,ms,,,,,,1.4963e+06,11.9704,0,0.00195356,0,1.4963e+06
"Fuse_9/FPR/136/1/1/1000000/10000000/0/iterations:100/manual_time/threads:48",4800,0,23.4845,ms,,,,,,1.53008e+06,12.2406,0,0.00195406,0,1.53008e+06
"Fuse_9/FPR/138/1/1/1000000/10000000/0/iterations:100/manual_time/threads:48",4800,0,23.6975,ms,,,,,,1.5526e+06,12.4208,0,0.00194989,0,1.5526e+06
"Fuse_9/FPR/141/1/1/1000000/10000000/0/iterations:100/manual_time/threads:48",4800,0,24.0139,ms,,,,,,1.58638e+06,12.6911,0,0.00195214,0,1.58638e+06
"Fuse_9/FPR/144/1/1/1000000/10000000/0/iterations:100/manual_time/threads:48",4800,0,24.2933,ms,,,,,,1.62002e+06,12.9602,0,0.00195356,0,1.62002e+06
"Fuse_9/FPR/147/1/1/1000000/10000000/0/iterations:100/manual_time/threads:48",4800,0,24.5738,ms,,,,,,1.65381e+06,13.2305,0,0.00195222,0,1.65381e+06
"Fuse_9/FPR/150/1/1/1000000/10000000/0/iterations:100/manual_time/threads:48",4800,0,24.8848,ms,,,,,,1.68774e+06,13.5019,0,0.00195408,0,1.68774e+06
"Fuse_9/FPR/152/1/1/1000000/10000000/0/iterations:100/manual_time/threads:48",4800,0,25.0987,ms,,,,,,1.71011e+06,13.6809,0,0.00195274,0,1.71011e+06
"Fuse_9/FPR/155/1/1/1000000/10000000/0/iterations:100/manual_time/threads:48",4800,0,25.4008,ms,,,,,,1.7439e+06,13.9512,0,0.00195148,0,1.7439e+06
"Fuse_9/FPR/158/1/1/1000000/10000000/0/iterations:100/manual_time/threads:48",4800,0,25.6504,ms,,,,,,1.77754e+06,14.2203,0,0.00195371,0,1.77754e+06
"Fuse_9/FPR/161/1/1/1000000/10000000/0/iterations:100/manual_time/threads:48",4800,0,25.8915,ms,,,,,,1.81132e+06,14.4906,0,0.00195288,0,1.81132e+06
"Fuse_9/FPR/163/1/1/1000000/10000000/0/iterations:100/manual_time/threads:48",4800,0,26.0703,ms,,,,,,1.83384e+06,14.6707,0,0.00195453,0,1.83384e+06
"Fuse_9/FPR/166/1/1/1000000/10000000/0/iterations:100/manual_time/threads:48",4800,0,26.3234,ms,,,,,,1.86777e+06,14.9421,0,0.00195294,0,1.86777e+06
"Fuse_9/FPR/169/1/1/1000000/10000000/0/iterations:100/manual_time/threads:48",4800,0,26.5356,ms,,,,,,1.90126e+06,15.2101,0,0.0019521,0,1.90126e+06
"Fuse_9/FPR/172/1/1/1000000/10000000/0/iterations:100/manual_time/threads:48",4800,0,26.8046,ms,,,,,,1.93505e+06,15.4804,0,0.00195147,0,1.93505e+06
"Fuse_9/FPR/175/1/1/1000000/10000000/0/iterations:100/manual_time/threads:48",4800,0,26.9805,ms,,,,,,1.96883e+06,15.7507,0,0.00195382,0,1.96883e+06
"Fuse_9/FPR/177/1/1/1000000/10000000/0/iterations:100/manual_time/threads:48",4800,0,27.1263,ms,,,,,,1.99135e+06,15.9308,0,0.00194999,0,1.99135e+06
"Fuse_9/FPR/180/1/1/1000000/10000000/0/iterations:100/manual_time/threads:48",4800,0,27.337,ms,,,,,,2.02528e+06,16.2022,0,0.00195231,0,2.02528e+06
"Fuse_9/FPR/183/1/1/1000000/10000000/0/iterations:100/manual_time/threads:48",4800,0,27.5395,ms,,,,,,2.05878e+06,16.4702,0,0.00195333,0,2.05878e+06
"Fuse_9/FPR/186/1/1/1000000/10000000/0/iterations:100/manual_time/threads:48",4800,0,27.7523,ms,,,,,,2.09285e+06,16.7428,0,0.00195195,0,2.09285e+06
"Fuse_9/FPR/188/1/1/1000000/10000000/0/iterations:100/manual_time/threads:48",4800,0,27.8734,ms,,,,,,2.11508e+06,16.9206,0,0.0019547,0,2.11508e+06
"Fuse_9/FPR/191/1/1/1000000/10000000/0/iterations:100/manual_time/threads:48",4800,0,28.0848,ms,,,,,,2.14901e+06,17.1921,0,0.00195274,0,2.14901e+06
"Fuse_9/FPR/194/1/1/1000000/10000000/0/iterations:100/manual_time/threads:48",4800,0,28.2529,ms,,,,,,2.18309e+06,17.4647,0,0.00195287,0,2.18309e+06
"Fuse_9/FPR/197/1/1/1000000/10000000/0/iterations:100/manual_time/threads:48",4800,0,28.4077,ms,,,,,,2.21629e+06,17.7303,0,0.00195232,0,2.21629e+06
"Fuse_9/FPR/200/1/1/1000000/10000000/0/iterations:100/manual_time/threads:48",4800,0,28.6047,ms,,,,,,2.25007e+06,18.0006,0,0.00195065,0,2.25007e+06
"Fuse_10/FPR/100/1/1/1000000/10000000/0/iterations:100/manual_time/threads:48",4800,0,90.7965,ms,,,,,,1.25013e+06,10.001,100,-nan,16,1.25013e+06
"Fuse_10/FPR/102/1/1/1000000/10000000/0/iterations:100/manual_time/threads:48",4800,0,92.1305,ms,,,,,,1.27548e+06,10.2038,100,-nan,16,1.27548e+06
"Fuse_10/FPR/105/1/1/1000000/10000000/0/iterations:100/manual_time/threads:48",4800,0,94.3829,ms,,,,,,1.31253e+06,10.5002,100,-nan,16,1.31253e+06
"Fuse_10/FPR/107/1/1/1000000/10000000/0/iterations:100/manual_time/threads:48",4800,0,96.1235,ms,,,,,,1.33755e+06,10.7004,100,-nan,16,1.33755e+06
"Fuse_10/FPR/110/1/1/1000000/10000000/0/iterations:100/manual_time/threads:48",4800,0,99.0536,ms,,,,,,1.37509e+06,11.0007,100,-nan,16,1.37509e+06
"Fuse_10/FPR/112/1/1/1000000/10000000/0/iterations:100/manual_time/threads:48",4800,0,56.4821,ms,,,,,,1.40011e+06,11.2009,24,0.000976517,10,1.40011e+06
"Fuse_10/FPR/115/1/1/1000000/10000000/0/iterations:100/manual_time/threads:48",4800,0,21.2167,ms,,,,,,1.43765e+06,11.5012,0,0.000975387,0,1.43765e+06
"Fuse_10/FPR/117/1/1/1000000/10000000/0/iterations:100/manual_time/threads:48",4800,0,21.7175,ms,,,,,,1.46251e+06,11.7001,0,0.000976986,0,1.46251e+06
"Fuse_10/FPR/120/1/1/1000000/10000000/0/iterations:100/manual_time/threads:48",4800,0,22.4061,ms,,,,,,1.50005e+06,12.0004,0,0.000976977,0,1.50005e+06
"Fuse_10/FPR/122/1/1/1000000/10000000/0/iterations:100/manual_time/threads:48",4800,0,22.9036,ms,,,,,,1.52508e+06,12.2006,0,0.000975406,0,1.52508e+06
"Fuse_10/FPR/125/1/1/1000000/10000000/0/iterations:100/manual_time/threads:48",4800,0,24.3481,ms,,,,,,1.56278e+06,12.5022,0,0.000977604,0,1.56278e+06
"Fuse_10/FPR/127/1/1/1000000/10000000/0/iterations:100/manual_time/threads:48",4800,0,24.8104,ms,,,,,,1.58764e+06,12.7011,0,0.000977075,0,1.58764e+06
"Fuse_10/FPR/130/1/1/1000000/10000000/0/iterations:100/manual_time/threads:48",4800,0,25.1121,ms,,,,,,1.62502e+06,13.0001,0,0.000976847,0,1.62502e+06
"Fuse_10/FPR/132/1/1/1000000/10000000/0/iterations:100/manual_time/threads:48",4800,0,25.265,ms,,,,,,1.6502e+06,13.2016,0,0.000976644,0,1.6502e+06
"Fuse_10/FPR/135/1/1/1000000/10000000/0/iterations:100/manual_time/threads:48",4800,0,25.622,ms,,,,,,1.68758e+06,13.5006,0,0.000976189,0,1.68758e+06
"Fuse_10/FPR/137/1/1/1000000/10000000/0/iterations:100/manual_time/threads:48",4800,0,25.8049,ms,,,,,,1.71309e+06,13.7047,0,0.000974596,0,1.71309e+06
"Fuse_10/FPR/140/1/1/1000000/10000000/0/iterations:100/manual_time/threads:48",4800,0,26.0453,ms,,,,,,1.75014e+06,14.0011,0,0.000977197,0,1.75014e+06
"Fuse_10/FPR/142/1/1/1000000/10000000/0/iterations:100/manual_time/threads:48",4800,0,26.2379,ms,,,,,,1.77516e+06,14.2013,0,0.000976256,0,1.77516e+06
"Fuse_10/FPR/145/1/1/1000000/10000000/0/iterations:100/manual_time/threads:48",4800,0,26.4897,ms,,,,,,1.81254e+06,14.5003,0,0.000975196,0,1.81254e+06
"Fuse_10/FPR/147/1/1/1000000/10000000/0/iterations:100/manual_time/threads:48",4800,0,26.6228,ms,,,,,,1.83756e+06,14.7005,0,0.000975525,0,1.83756e+06
"Fuse_10/FPR/150/1/1/1000000/10000000/0/iterations:100/manual_time/threads:48",4800,0,26.9124,ms,,,,,,1.87526e+06,15.0021,0,0.000977026,0,1.87526e+06
"Fuse_10/FPR/152/1/1/1000000/10000000/0/iterations:100/manual_time/threads:48",4800,0,27.0671,ms,,,,,,1.90013e+06,15.201,0,0.000975078,0,1.90013e+06
"Fuse_10/FPR/155/1/1/1000000/10000000/0/iterations:100/manual_time/threads:48",4800,0,27.2933,ms,,,,,,1.93766e+06,15.5013,0,0.000976567,0,1.93766e+06
"Fuse_10/FPR/157/1/1/1000000/10000000/0/iterations:100/manual_time/threads:48",4800,0,27.4861,ms,,,,,,1.96253e+06,15.7002,0,0.000974927,0,1.96253e+06
"Fuse_10/FPR/160/1/1/1000000/10000000/0/iterations:100/manual_time/threads:48",4800,0,27.7275,ms,,,,,,2.00006e+06,16.0005,0,0.000976432,0,2.00006e+06
"Fuse_10/FPR/162/1/1/1000000/10000000/0/iterations:100/manual_time/threads:48",4800,0,27.8486,ms,,,,,,2.02509e+06,16.2007,0,0.000977897,0,2.02509e+06
"Fuse_10/FPR/165/1/1/1000000/10000000/0/iterations:100/manual_time/threads:48",4800,0,28.0959,ms,,,,,,2.06295e+06,16.5036,0,0.000975758,0,2.06295e+06
"Fuse_10/FPR/167/1/1/1000000/10000000/0/iterations:100/manual_time/threads:48",4800,0,28.2514,ms,,,,,,2.08765e+06,16.7012,0,0.000976321,0,2.08765e+06
"Fuse_10/FPR/170/1/1/1000000/10000000/0/iterations:100/manual_time/threads:48",4800,0,28.439,ms,,,,,,2.12502e+06,17.0002,0,0.000974734,0,2.12502e+06
"Fuse_10/FPR/172/1/1/1000000/10000000/0/iterations:100/manual_time/threads:48",4800,0,28.5674,ms,,,,,,2.15005e+06,17.2004,0,0.000975231,0,2.15005e+06
"Fuse_10/FPR/175/1/1/1000000/10000000/0/iterations:100/manual_time/threads:48",4800,0,28.8161,ms,,,,,,2.18759e+06,17.5007,0,0.000976081,0,2.18759e+06
"Fuse_10/FPR/177/1/1/1000000/10000000/0/iterations:100/manual_time/threads:48",4800,0,28.9434,ms,,,,,,2.21262e+06,17.7009,0,0.00097469,0,2.21262e+06
"Fuse_10/FPR/180/1/1/1000000/10000000/0/iterations:100/manual_time/threads:48",4800,0,29.1228,ms,,,,,,2.25031e+06,18.0025,0,0.000976662,0,2.25031e+06
"Fuse_10/FPR/182/1/1/1000000/10000000/0/iterations:100/manual_time/threads:48",4800,0,29.2179,ms,,,,,,2.27502e+06,18.2001,0,0.000974976,0,2.27502e+06
"Fuse_10/FPR/185/1/1/1000000/10000000/0/iterations:100/manual_time/threads:48",4800,0,29.3823,ms,,,,,,2.31271e+06,18.5017,0,0.000974763,0,2.31271e+06
"Fuse_10/FPR/187/1/1/1000000/10000000/0/iterations:100/manual_time/threads:48",4800,0,29.5378,ms,,,,,,2.33758e+06,18.7006,0,0.000975617,0,2.33758e+06
"Fuse_10/FPR/190/1/1/1000000/10000000/0/iterations:100/manual_time/threads:48",4800,0,29.6818,ms,,,,,,2.37511e+06,19.0009,0,0.000976841,0,2.37511e+06
"Fuse_10/FPR/192/1/1/1000000/10000000/0/iterations:100/manual_time/threads:48",4800,0,29.8028,ms,,,,,,2.4003e+06,19.2024,0,0.00097561,0,2.4003e+06
"Fuse_10/FPR/195/1/1/1000000/10000000/0/iterations:100/manual_time/threads:48",4800,0,29.9593,ms,,,,,,2.43751e+06,19.5001,0,0.000976217,0,2.43751e+06
"Fuse_10/FPR/197/1/1/1000000/10000000/0/iterations:100/manual_time/threads:48",4800,0,30.0517,ms,,,,,,2.46254e+06,19.7003,0,0.000975996,0,2.46254e+06
"Fuse_10/FPR/200/1/1/1000000/10000000/0/iterations:100/manual_time/threads:48",4800,0,30.2139,ms,,,,,,2.50008e+06,20.0006,0,0.000974347,0,2.50008e+06
"Fuse_11/FPR/100/1/1/1000000/10000000/0/iterations:100/manual_time/threads:48",4800,0,90.9104,ms,,,,,,1.37514e+06,11.0011,100,-nan,16,1.37514e+06
"Fuse_11/FPR/102/1/1/1000000/10000000/0/iterations:100/manual_time/threads:48",4800,0,92.1723,ms,,,,,,1.40302e+06,11.2242,100,-nan,16,1.40302e+06
"Fuse_11/FPR/104/1/1/1000000/10000000/0/iterations:100/manual_time/threads:48",4800,0,93.696,ms,,,,,,1.43002e+06,11.4401,100,-nan,16,1.43002e+06
"Fuse_11/FPR/106/1/1/1000000/10000000/0/iterations:100/manual_time/threads:48",4800,0,95.0528,ms,,,,,,1.45772e+06,11.6618,100,-nan,16,1.45772e+06
"Fuse_11/FPR/109/1/1/1000000/10000000/0/iterations:100/manual_time/threads:48",4800,0,97.9036,ms,,,,,,1.49883e+06,11.9907,100,-nan,16,1.49883e+06
"Fuse_11/FPR/111/1/1/1000000/10000000/0/iterations:100/manual_time/threads:48",4800,0,100.765,ms,,,,,,1.52636e+06,12.2109,100,-nan,16,1.52636e+06
"Fuse_11/FPR/113/1/1/1000000/10000000/0/iterations:100/manual_time/threads:48",4800,0,22.7564,ms,,,,,,1.55389e+06,12.4311,0,0.000488102,0,1.55389e+06
"Fuse_11/FPR/115/1/1/1000000/10000000/0/iterations:100/manual_time/threads:48",4800,0,23.1613,ms,,,,,,1.58142e+06,12.6513,0,0.000488366,0,1.58142e+06
"Fuse_11/FPR/118/1/1/1000000/10000000/0/iterations:100/manual_time/threads:48",4800,0,23.8372,ms,,,,,,1.62253e+06,12.9802,0,0.000488912,0,1.62253e+06
"Fuse_11/FPR/120/1/1/1000000/10000000/0/iterations:100/manual_time/threads:48",4800,0,24.3211,ms,,,,,,1.65006e+06,13.2004,0,0.000487597,0,1.65006e+06
"Fuse_11/FPR/122/1/1/1000000/10000000/0/iterations:100/manual_time/threads:48",4800,0,24.8,ms,,,,,,1.67758e+06,13.4207,0,0.000487678,0,1.67758e+06
"Fuse_11/FPR/125/1/1/1000000/10000000/0/iterations:100/manual_time/threads:48",4800,0,26.1947,ms,,,,,,1.71906e+06,13.7524,0,0.000488345,0,1.71906e+06
"Fuse_11/FPR/127/1/1/1000000/10000000/0/iterations:100/manual_time/threads:48",4800,0,26.6451,ms,,,,,,1.7464e+06,13.9712,0,0.000488547,0,1.7464e+06
"Fuse_11/FPR/129/1/1/1000000/10000000/0/iterations:100/manual_time/threads:48",4800,0,26.8599,ms,,,,,,1.77393e+06,14.1914,0,0.000488007,0,1.77393e+06
"Fuse_11/FPR/131/1/1/1000000/10000000/0/iterations:100/manual_time/threads:48",4800,0,27.0457,ms,,,,,,1.80128e+06,14.4102,0,0.000488244,0,1.80128e+06
"Fuse_11/FPR/134/1/1/1000000/10000000/0/iterations:100/manual_time/threads:48",4800,0,27.3198,ms,,,,,,1.84257e+06,14.7405,0,0.000489142,0,1.84257e+06
"Fuse_11/FPR/136/1/1/1000000/10000000/0/iterations:100/manual_time/threads:48",4800,0,27.4743,ms,,,,,,1.8701e+06,14.9608,0,0.000488373,0,1.8701e+06
"Fuse_11/FPR/138/1/1/1000000/10000000/0/iterations:100/manual_time/threads:48",4800,0,27.6224,ms,,,,,,1.89762e+06,15.181,0,0.000487406,0,1.89762e+06
"Fuse_11/FPR/140/1/1/1000000/10000000/0/iterations:100/manual_time/threads:48",4800,0,27.7722,ms,,,,,,1.92515e+06,15.4012,0,0.000486629,0,1.92515e+06
"Fuse_11/FPR/143/1/1/1000000/10000000/0/iterations:100/manual_time/threads:48",4800,0,27.9815,ms,,,,,,1.96626e+06,15.7301,0,0.000487506,0,1.96626e+06
"Fuse_11/FPR/145/1/1/1000000/10000000/0/iterations:100/manual_time/threads:48",4800,0,28.1334,ms,,,,,,1.99379e+06,15.9503,0,0.000487415,0,1.99379e+06
"Fuse_11/FPR/147/1/1/1000000/10000000/0/iterations:100/manual_time/threads:48",4800,0,28.2761,ms,,,,,,2.02132e+06,16.1706,0,0.000486944,0,2.02132e+06
"Fuse_11/FPR/150/1/1/1000000/10000000/0/iterations:100/manual_time/threads:48",4800,0,28.5146,ms,,,,,,2.06279e+06,16.5023,0,0.000488901,0,2.06279e+06
"Fuse_11/FPR/152/1/1/1000000/10000000/0/iterations:100/manual_time/threads:48",4800,0,28.6499,ms,,,,,,2.09014e+06,16.7211,0,0.000487373,0,2.09014e+06
"Fuse_11/FPR/154/1/1/1000000/10000000/0/iterations:100/manual_time/threads:48",4800,0,28.8102,ms,,,,,,2.11766e+06,16.9413,0,0.000487711,0,2.11766e+06
"Fuse_11/FPR/156/1/1/1000000/10000000/0/iterations:100/manual_time/threads:48",4800,0,28.9162,ms,,,,,,2.14502e+06,17.1601,0,0.000487281,0,2.14502e+06
"Fuse_11/FPR/159/1/1/1000000/10000000/0/iterations:100/manual_time/threads:48",4800,0,29.1516,ms,,,,,,2.18649e+06,17.4919,0,0.000488106,0,2.18649e+06
"Fuse_11/FPR/161/1/1/1000000/10000000/0/iterations:100/manual_time/threads:48",4800,0,29.2578,ms,,,,,,2.21383e+06,17.7107,0,0.000488105,0,2.21383e+06
"Fuse_11/FPR/163/1/1/1000000/10000000/0/iterations:100/manual_time/threads:48",4800,0,29.4229,ms,,,,,,2.24136e+06,17.9309,0,0.000488466,0,2.24136e+06
"Fuse_11/FPR/165/1/1/1000000/10000000/0/iterations:100/manual_time/threads:48",4800,0,29.5347,ms,,,,,,2.26925e+06,18.154,0,0.000487549,0,2.26925e+06
"Fuse_11/FPR/168/1/1/1000000/10000000/0/iterations:100/manual_time/threads:48",4800,0,29.7043,ms,,,,,,2.31018e+06,18.4814,0,0.000487638,0,2.31018e+06
"Fuse_11/FPR/170/1/1/1000000/10000000/0/iterations:100/manual_time/threads:48",4800,0,29.837,ms,,,,,,2.33753e+06,18.7002,0,0.000487312,0,2.33753e+06
"Fuse_11/FPR/172/1/1/1000000/10000000/0/iterations:100/manual_time/threads:48",4800,0,29.9753,ms,,,,,,2.36506e+06,18.9204,0,0.000487292,0,2.36506e+06
"Fuse_11/FPR/175/1/1/1000000/10000000/0/iterations:100/manual_time/threads:48",4800,0,30.1421,ms,,,,,,2.40634e+06,19.2508,0,0.000487169,0,2.40634e+06
"Fuse_11/FPR/177/1/1/1000000/10000000/0/iterations:100/manual_time/threads:48",4800,0,30.2313,ms,,,,,,2.43387e+06,19.471,0,0.000486939,0,2.43387e+06
"Fuse_11/FPR/179/1/1/1000000/10000000/0/iterations:100/manual_time/threads:48",4800,0,30.3204,ms,,,,,,2.4614e+06,19.6912,0,0.00048742,0,2.4614e+06
"Fuse_11/FPR/181/1/1/1000000/10000000/0/iterations:100/manual_time/threads:48",4800,0,30.4687,ms,,,,,,2.48893e+06,19.9114,0,0.000486907,0,2.48893e+06
"Fuse_11/FPR/184/1/1/1000000/10000000/0/iterations:100/manual_time/threads:48",4800,0,30.6134,ms,,,,,,2.5304e+06,20.2432,0,0.000488654,0,2.5304e+06
"Fuse_11/FPR/186/1/1/1000000/10000000/0/iterations:100/manual_time/threads:48",4800,0,30.7122,ms,,,,,,2.55793e+06,20.4634,0,0.000486593,0,2.55793e+06
"Fuse_11/FPR/188/1/1/1000000/10000000/0/iterations:100/manual_time/threads:48",4800,0,30.8314,ms,,,,,,2.5851e+06,20.6808,0,0.000487789,0,2.5851e+06
"Fuse_11/FPR/190/1/1/1000000/10000000/0/iterations:100/manual_time/threads:48",4800,0,30.9051,ms,,,,,,2.61262e+06,20.901,0,0.000487426,0,2.61262e+06
"Fuse_11/FPR/193/1/1/1000000/10000000/0/iterations:100/manual_time/threads:48",4800,0,31.0624,ms,,,,,,2.65392e+06,21.2314,0,0.000488346,0,2.65392e+06
"Fuse_11/FPR/195/1/1/1000000/10000000/0/iterations:100/manual_time/threads:48",4800,0,31.1597,ms,,,,,,2.68126e+06,21.4501,0,0.000487492,0,2.68126e+06
"Fuse_11/FPR/197/1/1/1000000/10000000/0/iterations:100/manual_time/threads:48",4800,0,31.2436,ms,,,,,,2.70879e+06,21.6703,0,0.000487907,0,2.70879e+06
"Fuse_11/FPR/200/1/1/1000000/10000000/0/iterations:100/manual_time/threads:48",4800,0,31.3751,ms,,,,,,2.75008e+06,22.0006,0,0.000486115,0,2.75008e+06
"Fuse_12/FPR/100/1/1/1000000/10000000/0/iterations:100/manual_time/threads:48",4800,0,90.8794,ms,,,,,,1.50015e+06,12.0012,100,-nan,16,1.50015e+06
"Fuse_12/FPR/102/1/1/1000000/10000000/0/iterations:100/manual_time/threads:48",4800,0,92.1981,ms,,,,,,1.53057e+06,12.2445,100,-nan,16,1.53057e+06
"Fuse_12/FPR/104/1/1/1000000/10000000/0/iterations:100/manual_time/threads:48",4800,0,93.6401,ms,,,,,,1.56002e+06,12.4801,100,-nan,16,1.56002e+06
"Fuse_12/FPR/106/1/1/1000000/10000000/0/iterations:100/manual_time/threads:48",4800,0,95.2951,ms,,,,,,1.59024e+06,12.7219,100,-nan,16,1.59024e+06
"Fuse_12/FPR/108/1/1/1000000/10000000/0/iterations:100/manual_time/threads:48",4800,0,97.0484,ms,,,,,,1.62007e+06,12.9606,100,-nan,16,1.62007e+06
"Fuse_12/FPR/110/1/1/1000000/10000000/0/iterations:100/manual_time/threads:48",4800,0,98.9592,ms,,,,,,1.6501e+06,13.2008,100,-nan,16,1.6501e+06
"Fuse_12/FPR/112/1/1/1000000/10000000/0/iterations:100/manual_time/threads:48",4800,0,56.9111,ms,,,,,,1.68014e+06,13.4411,24,0.00024353,16,1.68014e+06
"Fuse_12/FPR/114/1/1/1000000/10000000/0/iterations:100/manual_time/threads:48",4800,0,24.222,ms,,,,,,1.71017e+06,13.6813,0,0.000243338,0,1.71017e+06
"Fuse_12/FPR/116/1/1/1000000/10000000/0/iterations:100/manual_time/threads:48",4800,0,24.6113,ms,,,,,,1.74019e+06,13.9215,0,0.000244636,0,1.74019e+06
"Fuse_12/FPR/118/1/1/1000000/10000000/0/iterations:100/manual_time/threads:48",4800,0,25.05,ms,,,,,,1.77003e+06,14.1603,0,0.000243734,0,1.77003e+06
"Fuse_12/FPR/120/1/1/1000000/10000000/0/iterations:100/manual_time/threads:48",4800,0,25.5025,ms,,,,,,1.80006e+06,14.4005,0,0.00024361,0,1.80006e+06
"Fuse_12/FPR/122/1/1/1000000/10000000/0/iterations:100/manual_time/threads:48",4800,0,25.9704,ms,,,,,,1.83009e+06,14.6407,0,0.000243669,0,1.83009e+06
"Fuse_12/FPR/125/1/1/1000000/10000000/0/iterations:100/manual_time/threads:48",4800,0,27.391,ms,,,,,,1.87533e+06,15.0026,0,0.000243913,0,1.87533e+06
"Fuse_12/FPR/127/1/1/1000000/10000000/0/iterations:100/manual_time/threads:48",4800,0,27.8039,ms,,,,,,1.90517e+06,15.2413,0,0.000244499,0,1.90517e+06
"Fuse_12/FPR/129/1/1/1000000/10000000/0/iterations:100/manual_time/threads:48",4800,0,28.0308,ms,,,,,,1.93519e+06,15.4815,0,0.000243658,0,1.93519e+06
"Fuse_12/FPR/131/1/1/1000000/10000000/0/iterations:100/manual_time/threads:48",4800,0,28.1392,ms,,,,,,1.96503e+06,15.7203,0,0.000243998,0,1.96503e+06
"Fuse_12/FPR/133/1/1/1000000/10000000/0/iterations:100/manual_time/threads:48",4800,0,28.2708,ms,,,,,,1.99506e+06,15.9605,0,0.000244443,0,1.99506e+06
"Fuse_12/FPR/135/1/1/1000000/10000000/0/iterations:100/manual_time/threads:48",4800,0,28.4119,ms,,,,,,2.02509e+06,16.2007,0,0.000243776,0,2.02509e+06
"Fuse_12/FPR/137/1/1/1000000/10000000/0/iterations:100/manual_time/threads:48",4800,0,28.534,ms,,,,,,2.0557e+06,16.4456,0,0.000242973,0,2.0557e+06
"Fuse_12/FPR/139/1/1/1000000/10000000/0/iterations:100/manual_time/threads:48",4800,0,28.6369,ms,,,,,,2.08515e+06,16.6812,0,0.000243345,0,2.08515e+06
"Fuse_12/FPR/141/1/1/1000000/10000000/0/iterations:100/manual_time/threads:48",4800,0,28.7447,ms,,,,,,2.11518e+06,16.9215,0,0.000244253,0,2.11518e+06
"Fuse_12/FPR/143/1/1/1000000/10000000/0/iterations:100/manual_time/threads:48",4800,0,28.8973,ms,,,,,,2.14502e+06,17.1601,0,0.000243553,0,2.14502e+06
"Fuse_12/FPR/145/1/1/1000000/10000000/0/iterations:100/manual_time/threads:48",4800,0,29.031,ms,,,,,,2.17505e+06,17.4004,0,0.000243551,0,2.17505e+06
"Fuse_12/FPR/147/1/1/1000000/10000000/0/iterations:100/manual_time/threads:48",4800,0,29.1714,ms,,,,,,2.20507e+06,17.6406,0,0.000243596,0,2.20507e+06
"Fuse_12/FPR/150/1/1/1000000/10000000/0/iterations:100/manual_time/threads:48",4800,0,29.3621,ms,,,,,,2.25031e+06,18.0025,0,0.00024371,0,2.25031e+06
"Fuse_12/FPR/152/1/1/1000000/10000000/0/iterations:100/manual_time/threads:48",4800,0,29.4617,ms,,,,,,2.28015e+06,18.2412,0,0.000243748,0,2.28015e+06
"Fuse_12/FPR/154/1/1/1000000/10000000/0/iterations:100/manual_time/threads:48",4800,0,29.5634,ms,,,,,,2.31018e+06,18.4815,0,0.000244059,0,2.31018e+06
"Fuse_12/FPR/156/1/1/1000000/10000000/0/iterations:100/manual_time/threads:48",4800,0,29.7119,ms,,,,,,2.34002e+06,18.7201,0,0.000243571,0,2.34002e+06
"Fuse_12/FPR/158/1/1/1000000/10000000/0/iterations:100/manual_time/threads:48",4800,0,29.8066,ms,,,,,,2.37005e+06,18.9604,0,0.000243695,0,2.37005e+06
"Fuse_12/FPR/160/1/1/1000000/10000000/0/iterations:100/manual_time/threads:48",4800,0,29.931,ms,,,,,,2.40007e+06,19.2006,0,0.000244523,0,2.40007e+06
"Fuse_12/FPR/162/1/1/1000000/10000000/0/iterations:100/manual_time/threads:48",4800,0,30.0352,ms,,,,,,2.4301e+06,19.4408,0,0.000243642,0,2.4301e+06
"Fuse_12/FPR/164/1/1/1000000/10000000/0/iterations:100/manual_time/threads:48",4800,0,30.1615,ms,,,,,,2.46033e+06,19.6826,0,0.000244752,0,2.46033e+06
"Fuse_12/FPR/166/1/1/1000000/10000000/0/iterations:100/manual_time/threads:48",4800,0,30.2519,ms,,,,,,2.49036e+06,19.9229,0,0.000244134,0,2.49036e+06
"Fuse_12/FPR/168/1/1/1000000/10000000/0/iterations:100/manual_time/threads:48",4800,0,30.3679,ms,,,,,,2.52019e+06,20.1615,0,0.000243019,0,2.52019e+06
"Fuse_12/FPR/170/1/1/1000000/10000000/0/iterations:100/manual_time/threads:48",4800,0,30.453,ms,,,,,,2.55003e+06,20.4003,0,0.000243639,0,2.55003e+06
"Fuse_12/FPR/172/1/1/1000000/10000000/0/iterations:100/manual_time/threads:48",4800,0,30.5808,ms,,,,,,2.58006e+06,20.6405,0,0.000243026,0,2.58006e+06
"Fuse_12/FPR/175/1/1/1000000/10000000/0/iterations:100/manual_time/threads:48",4800,0,30.7492,ms,,,,,,2.6251e+06,21.0008,0,0.000243521,0,2.6251e+06
"Fuse_12/FPR/177/1/1/1000000/10000000/0/iterations:100/manual_time/threads:48",4800,0,30.824,ms,,,,,,2.65514e+06,21.2411,0,0.000243079,0,2.65514e+06
"Fuse_12/FPR/179/1/1/1000000/10000000/0/iterations:100/manual_time/threads:48",4800,0,30.9086,ms,,,,,,2.68517e+06,21.4813,0,0.000243391,0,2.68517e+06
"Fuse_12/FPR/181/1/1/1000000/10000000/0/iterations:100/manual_time/threads:48",4800,0,31.0117,ms,,,,,,2.71519e+06,21.7215,0,0.000243693,0,2.71519e+06
"Fuse_12/FPR/183/1/1/1000000/10000000/0/iterations:100/manual_time/threads:48",4800,0,31.0964,ms,,,,,,2.74503e+06,21.9603,0,0.000244004,0,2.74503e+06
"Fuse_12/FPR/185/1/1/1000000/10000000/0/iterations:100/manual_time/threads:48",4800,0,31.2074,ms,,,,,,2.77526e+06,22.202,0,0.000242938,0,2.77526e+06
"Fuse_12/FPR/187/1/1/1000000/10000000/0/iterations:100/manual_time/threads:48",4800,0,31.302,ms,,,,,,2.80509e+06,22.4407,0,0.000243197,0,2.80509e+06
"Fuse_12/FPR/189/1/1/1000000/10000000/0/iterations:100/manual_time/threads:48",4800,0,31.3425,ms,,,,,,2.83512e+06,22.681,0,0.000242924,0,2.83512e+06
"Fuse_12/FPR/191/1/1/1000000/10000000/0/iterations:100/manual_time/threads:48",4800,0,31.4355,ms,,,,,,2.86534e+06,22.9228,0,0.000242857,0,2.86534e+06
"Fuse_12/FPR/193/1/1/1000000/10000000/0/iterations:100/manual_time/threads:48",4800,0,31.5089,ms,,,,,,2.89518e+06,23.1615,0,0.000244197,0,2.89518e+06
"Fuse_12/FPR/195/1/1/1000000/10000000/0/iterations:100/manual_time/threads:48",4800,0,31.6037,ms,,,,,,2.92502e+06,23.4001,0,0.000243214,0,2.92502e+06
"Fuse_12/FPR/197/1/1/1000000/10000000/0/iterations:100/manual_time/threads:48",4800,0,31.6895,ms,,,,,,2.95505e+06,23.6404,0,0.000244586,0,2.95505e+06
"Fuse_12/FPR/200/1/1/1000000/10000000/0/iterations:100/manual_time/threads:48",4800,0,31.7923,ms,,,,,,3.00009e+06,24.0007,0,0.000242492,0,3.00009e+06
"Fuse_13/FPR/100/1/1/1000000/10000000/0/iterations:100/manual_time/threads:48",4800,0,90.8046,ms,,,,,,1.62516e+06,13.0013,100,-nan,16,1.62516e+06
"Fuse_13/FPR/101/1/1/1000000/10000000/0/iterations:100/manual_time/threads:48",4800,0,91.4754,ms,,,,,,1.64185e+06,13.1348,100,-nan,16,1.64185e+06
"Fuse_13/FPR/103/1/1/1000000/10000000/0/iterations:100/manual_time/threads:48",4800,0,92.937,ms,,,,,,1.67396e+06,13.3917,100,-nan,16,1.67396e+06
"Fuse_13/FPR/105/1/1/1000000/10000000/0/iterations:100/manual_time/threads:48",4800,0,94.3534,ms,,,,,,1.70628e+06,13.6502,100,-nan,16,1.70628e+06
"Fuse_13/FPR/107/1/1/1000000/10000000/0/iterations:100/manual_time/threads:48",4800,0,96.0581,ms,,,,,,1.73882e+06,13.9105,100,-nan,16,1.73882e+06
"Fuse_13/FPR/109/1/1/1000000/10000000/0/iterations:100/manual_time/threads:48",4800,0,97.9423,ms,,,,,,1.77135e+06,14.1708,100,-nan,16,1.77135e+06
"Fuse_13/FPR/111/1/1/1000000/10000000/0/iterations:100/manual_time/threads:48",4800,0,100.821,ms,,,,,,1.80388e+06,14.431,100,-nan,16,1.80388e+06
"Fuse_13/FPR/113/1/1/1000000/10000000/0/iterations:100/manual_time/threads:48",4800,0,25.4877,ms,,,,,,1.83642e+06,14.6913,0,0.000122246,0,1.83642e+06
"Fuse_13/FPR/115/1/1/1000000/10000000/0/iterations:100/manual_time/threads:48",4800,0,25.8876,ms,,,,,,1.86894e+06,14.9516,0,0.000122235,0,1.86894e+06
"Fuse_13/FPR/117/1/1/1000000/10000000/0/iterations:100/manual_time/threads:48",4800,0,26.2976,ms,,,,,,1.90126e+06,15.2101,0,0.000122321,0,1.90126e+06
"Fuse_13/FPR/119/1/1/1000000/10000000/0/iterations:100/manual_time/threads:48",4800,0,26.685,ms,,,,,,1.93401e+06,15.4721,0,0.000121946,0,1.93401e+06
"Fuse_13/FPR/121/1/1/1000000/10000000/0/iterations:100/manual_time/threads:48",4800,0,27.1107,ms,,,,,,1.96633e+06,15.7306,0,0.000122026,0,1.96633e+06
"Fuse_13/FPR/123/1/1/1000000/10000000/0/iterations:100/manual_time/threads:48",4800,0,27.5884,ms,,,,,,1.99886e+06,15.9909,0,0.000121866,0,1.99886e+06
"Fuse_13/FPR/125/1/1/1000000/10000000/0/iterations:100/manual_time/threads:48",4800,0,28.7631,ms,,,,,,2.03161e+06,16.2529,0,0.00012164,0,2.03161e+06
"Fuse_13/FPR/126/1/1/1000000/10000000/0/iterations:100/manual_time/threads:48",4800,0,29.0045,ms,,,,,,2.04766e+06,16.3813,0,0.000121942,0,2.04766e+06
"Fuse_13/FPR/128/1/1/1000000/10000000/0/iterations:100/manual_time/threads:48",4800,0,29.2336,ms,,,,,,2.08019e+06,16.6415,0,0.000122271,0,2.08019e+06
"Fuse_13/FPR/130/1/1/1000000/10000000/0/iterations:100/manual_time/threads:48",4800,0,29.4019,ms,,,,,,2.11252e+06,16.9002,0,0.000121926,0,2.11252e+06
"Fuse_13/FPR/132/1/1/1000000/10000000/0/iterations:100/manual_time/threads:48",4800,0,29.4948,ms,,,,,,2.14526e+06,17.1621,0,0.000122156,0,2.14526e+06
"Fuse_13/FPR/134/1/1/1000000/10000000/0/iterations:100/manual_time/threads:48",4800,0,29.6229,ms,,,,,,2.17758e+06,17.4207,0,0.000121815,0,2.17758e+06
"Fuse_13/FPR/136/1/1/1000000/10000000/0/iterations:100/manual_time/threads:48",4800,0,29.7006,ms,,,,,,2.21011e+06,17.6809,0,0.000122185,0,2.21011e+06
"Fuse_13/FPR/138/1/1/1000000/10000000/0/iterations:100/manual_time/threads:48",4800,0,29.8195,ms,,,,,,2.24265e+06,17.9412,0,0.00012155,0,2.24265e+06
"Fuse_13/FPR/140/1/1/1000000/10000000/0/iterations:100/manual_time/threads:48",4800,0,29.9161,ms,,,,,,2.27518e+06,18.2014,0,0.000121876,0,2.27518e+06
"Fuse_13/FPR/142/1/1/1000000/10000000/0/iterations:100/manual_time/threads:48",4800,0,30.0282,ms,,,,,,2.30771e+06,18.4617,0,0.000121505,0,2.30771e+06
"Fuse_13/FPR/144/1/1/1000000/10000000/0/iterations:100/manual_time/threads:48",4800,0,30.1314,ms,,,,,,2.34003e+06,18.7203,0,0.000121916,0,2.34003e+06
"Fuse_13/FPR/146/1/1/1000000/10000000/0/iterations:100/manual_time/threads:48",4800,0,30.2384,ms,,,,,,2.37257e+06,18.9805,0,0.000121635,0,2.37257e+06
"Fuse_13/FPR/148/1/1/1000000/10000000/0/iterations:100/manual_time/threads:48",4800,0,30.3366,ms,,,,,,2.40531e+06,19.2425,0,0.000122245,0,2.40531e+06
"Fuse_13/FPR/150/1/1/1000000/10000000/0/iterations:100/manual_time/threads:48",4800,0,30.4453,ms,,,,,,2.43784e+06,19.5027,0,0.000121416,0,2.43784e+06
"Fuse_13/FPR/151/1/1/1000000/10000000/0/iterations:100/manual_time/threads:48",4800,0,30.499,ms,,,,,,2.45411e+06,19.6329,0,0.000122163,0,2.45411e+06
"Fuse_13/FPR/153/1/1/1000000/10000000/0/iterations:100/manual_time/threads:48",4800,0,30.5986,ms,,,,,,2.48643e+06,19.8915,0,0.000122204,0,2.48643e+06
"Fuse_13/FPR/155/1/1/1000000/10000000/0/iterations:100/manual_time/threads:48",4800,0,30.7207,ms,,,,,,2.51896e+06,20.1517,0,0.000122077,0,2.51896e+06
"Fuse_13/FPR/157/1/1/1000000/10000000/0/iterations:100/manual_time/threads:48",4800,0,30.8223,ms,,,,,,2.55128e+06,20.4102,0,0.000121632,0,2.55128e+06
"Fuse_13/FPR/159/1/1/1000000/10000000/0/iterations:100/manual_time/threads:48",4800,0,30.9013,ms,,,,,,2.58402e+06,20.6722,0,0.00012178,0,2.58402e+06
"Fuse_13/FPR/161/1/1/1000000/10000000/0/iterations:100/manual_time/threads:48",4800,0,30.996,ms,,,,,,2.61635e+06,20.9308,0,0.000121903,0,2.61635e+06
"Fuse_13/FPR/163/1/1/1000000/10000000/0/iterations:100/manual_time/threads:48",4800,0,31.1205,ms,,,,,,2.64888e+06,21.191,0,0.000121438,0,2.64888e+06
"Fuse_13/FPR/165/1/1/1000000/10000000/0/iterations:100/manual_time/threads:48",4800,0,31.2015,ms,,,,,,2.68183e+06,21.4547,0,0.000122375,0,2.68183e+06
"Fuse_13/FPR/167/1/1/1000000/10000000/0/iterations:100/manual_time/threads:48",4800,0,31.2924,ms,,,,,,2.71394e+06,21.7116,0,0.000121787,0,2.71394e+06
"Fuse_13/FPR/169/1/1/1000000/10000000/0/iterations:100/manual_time/threads:48",4800,0,31.4021,ms,,,,,,2.74626e+06,21.9701,0,0.000122157,0,2.74626e+06
"Fuse_13/FPR/171/1/1/1000000/10000000/0/iterations:100/manual_time/threads:48",4800,0,31.4655,ms,,,,,,2.7788e+06,22.2304,0,0.000122323,0,2.7788e+06
"Fuse_13/FPR/173/1/1/1000000/10000000/0/iterations:100/manual_time/threads:48",4800,0,31.5815,ms,,,,,,2.81133e+06,22.4906,0,0.000121194,0,2.81133e+06
"Fuse_13/FPR/175/1/1/1000000/10000000/0/iterations:100/manual_time/threads:48",4800,0,31.6949,ms,,,,,,2.84386e+06,22.7509,0,0.000121622,0,2.84386e+06
"Fuse_13/FPR/176/1/1/1000000/10000000/0/iterations:100/manual_time/threads:48",4800,0,31.6864,ms,,,,,,2.86013e+06,22.881,0,0.000121706,0,2.86013e+06
"Fuse_13/FPR/178/1/1/1000000/10000000/0/iterations:100/manual_time/threads:48",4800,0,31.7652,ms,,,,,,2.89309e+06,23.1447,0,0.00012203,0,2.89309e+06
"Fuse_13/FPR/180/1/1/1000000/10000000/0/iterations:100/manual_time/threads:48",4800,0,31.8735,ms,,,,,,2.92541e+06,23.4033,0,0.000122329,1,2.92541e+06
"Fuse_13/FPR/182/1/1/1000000/10000000/0/iterations:100/manual_time/threads:48",4800,0,31.9461,ms,,,,,,2.95752e+06,23.6602,0,0.00012154,0,2.95752e+06
"Fuse_13/FPR/184/1/1/1000000/10000000/0/iterations:100/manual_time/threads:48",4800,0,32.0345,ms,,,,,,2.99047e+06,23.9238,0,0.000121725,0,2.99047e+06
"Fuse_13/FPR/186/1/1/1000000/10000000/0/iterations:100/manual_time/threads:48",4800,0,32.1379,ms,,,,,,3.02301e+06,24.1841,0,0.000121332,0,3.02301e+06
"Fuse_13/FPR/188/1/1/1000000/10000000/0/iterations:100/manual_time/threads:48",4800,0,32.1901,ms,,,,,,3.05511e+06,24.4409,0,0.000121666,0,3.05511e+06
"Fuse_13/FPR/190/1/1/1000000/10000000/0/iterations:100/manual_time/threads:48",4800,0,32.2608,ms,,,,,,3.08765e+06,24.7012,0,0.000121478,0,3.08765e+06
"Fuse_13/FPR/192/1/1/1000000/10000000/0/iterations:100/manual_time/threads:48",4800,0,32.3616,ms,,,,,,3.12039e+06,24.9631,0,0.000121318,0,3.12039e+06
"Fuse_14/FPR/100/1/1/1000000/10000000/0/iterations:100/manual_time/threads:48",4800,0,90.792,ms,,,,,,1.75018e+06,14.0014,100,-nan,16,1.75018e+06
"Fuse_14/FPR/101/1/1/1000000/10000000/0/iterations:100/manual_time/threads:48",4800,0,91.5208,ms,,,,,,1.76814e+06,14.1452,100,-nan,16,1.76814e+06
"Fuse_14/FPR/103/1/1/1000000/10000000/0/iterations:100/manual_time/threads:48",4800,0,92.9224,ms,,,,,,1.80273e+06,14.4218,100,-nan,16,1.80273e+06
"Fuse_14/FPR/105/1/1/1000000/10000000/0/iterations:100/manual_time/threads:48",4800,0,94.4145,ms,,,,,,1.83754e+06,14.7003,100,-nan,16,1.83754e+06
"Fuse_14/FPR/107/1/1/1000000/10000000/0/iterations:100/manual_time/threads:48",4800,0,96.0574,ms,,,,,,1.87257e+06,14.9805,100,-nan,16,1.87257e+06
"Fuse_14/FPR/108/1/1/1000000/10000000/0/iterations:100/manual_time/threads:48",4800,0,97.0004,ms,,,,,,1.89009e+06,15.1207,100,-nan,16,1.89009e+06
"Fuse_14/FPR/110/1/1/1000000/10000000/0/iterations:100/manual_time/threads:48",4800,0,99.0458,ms,,,,,,1.92512e+06,15.401,100,-nan,16,1.92512e+06
"Fuse_14/FPR/112/1/1/1000000/10000000/0/iterations:100/manual_time/threads:48",4800,0,57.5751,ms,,,,,,1.96016e+06,15.6813,24,6.11934e-05,16,1.96016e+06
"Fuse_14/FPR/114/1/1/1000000/10000000/0/iterations:100/manual_time/threads:48",4800,0,25.9937,ms,,,,,,1.99519e+06,15.9615,0,6.0758e-05,0,1.99519e+06
"Fuse_14/FPR/116/1/1/1000000/10000000/0/iterations:100/manual_time/threads:48",4800,0,26.3261,ms,,,,,,2.03022e+06,16.2418,0,6.1113e-05,0,2.03022e+06
"Fuse_14/FPR/117/1/1/1000000/10000000/0/iterations:100/manual_time/threads:48",4800,0,26.5126,ms,,,,,,2.04752e+06,16.3802,0,6.107e-05,0,2.04752e+06
"Fuse_14/FPR/119/1/1/1000000/10000000/0/iterations:100/manual_time/threads:48",4800,0,26.8906,ms,,,,,,2.08278e+06,16.6623,0,6.089e-05,0,2.08278e+06
"Fuse_14/FPR/121/1/1/1000000/10000000/0/iterations:100/manual_time/threads:48",4800,0,27.26,ms,,,,,,2.11758e+06,16.9407,0,6.1084e-05,0,2.11758e+06
"Fuse_14/FPR/123/1/1/1000000/10000000/0/iterations:100/manual_time/threads:48",4800,0,27.724,ms,,,,,,2.15262e+06,17.221,0,6.1201e-05,0,2.15262e+06
"Fuse_14/FPR/125/1/1/1000000/10000000/0/iterations:100/manual_time/threads:48",4800,0,28.8495,ms,,,,,,2.18789e+06,17.5031,0,6.0696e-05,0,2.18789e+06
"Fuse_14/FPR/126/1/1/1000000/10000000/0/iterations:100/manual_time/threads:48",4800,0,29.1482,ms,,,,,,2.20518e+06,17.6414,0,6.0825e-05,0,2.20518e+06
"Fuse_14/FPR/128/1/1/1000000/10000000/0/iterations:100/manual_time/threads:48",4800,0,29.3537,ms,,,,,,2.24021e+06,17.9217,0,6.1159e-05,0,2.24021e+06
"Fuse_14/FPR/130/1/1/1000000/10000000/0/iterations:100/manual_time/threads:48",4800,0,29.4613,ms,,,,,,2.27502e+06,18.2001,0,6.0907e-05,0,2.27502e+06
"Fuse_14/FPR/132/1/1/1000000/10000000/0/iterations:100/manual_time/threads:48",4800,0,29.5221,ms,,,,,,2.31028e+06,18.4822,0,6.1e-05,0,2.31028e+06
"Fuse_14/FPR/133/1/1/1000000/10000000/0/iterations:100/manual_time/threads:48",4800,0,29.5349,ms,,,,,,2.32757e+06,18.6205,0,6.0718e-05,0,2.32757e+06
"Fuse_14/FPR/135/1/1/1000000/10000000/0/iterations:100/manual_time/threads:48",4800,0,29.6201,ms,,,,,,2.36261e+06,18.9009,0,6.0807e-05,0,2.36261e+06
"Fuse_14/FPR/137/1/1/1000000/10000000/0/iterations:100/manual_time/threads:48",4800,0,29.6916,ms,,,,,,2.39832e+06,19.1866,0,6.0774e-05,0,2.39832e+06
"Fuse_14/FPR/139/1/1/1000000/10000000/0/iterations:100/manual_time/threads:48",4800,0,29.776,ms,,,,,,2.43267e+06,19.4614,0,6.0937e-05,0,2.43267e+06
"Fuse_14/FPR/141/1/1/1000000/10000000/0/iterations:100/manual_time/threads:48",4800,0,29.8636,ms,,,,,,2.46771e+06,19.7417,0,6.1224e-05,0,2.46771e+06
"Fuse_14/FPR/142/1/1/1000000/10000000/0/iterations:100/manual_time/threads:48",4800,0,29.8758,ms,,,,,,2.48522e+06,19.8818,0,6.0903e-05,0,2.48522e+06
"Fuse_14/FPR/144/1/1/1000000/10000000/0/iterations:100/manual_time/threads:48",4800,0,29.9918,ms,,,,,,2.52003e+06,20.1603,0,6.1072e-05,0,2.52003e+06
"Fuse_14/FPR/146/1/1/1000000/10000000/0/iterations:100/manual_time/threads:48",4800,0,30.0557,ms,,,,,,2.55507e+06,20.4406,0,6.0754e-05,0,2.55507e+06
"Fuse_14/FPR/148/1/1/1000000/10000000/0/iterations:100/manual_time/threads:48",4800,0,30.1338,ms,,,,,,2.59034e+06,20.7227,0,6.1082e-05,0,2.59034e+06
"Fuse_14/FPR/150/1/1/1000000/10000000/0/iterations:100/manual_time/threads:48",4800,0,30.2102,ms,,,,,,2.62537e+06,21.0029,0,6.046e-05,0,2.62537e+06
"Fuse_14/FPR/151/1/1/1000000/10000000/0/iterations:100/manual_time/threads:48",4800,0,30.2501,ms,,,,,,2.64289e+06,21.1431,0,6.1083e-05,0,2.64289e+06
"Fuse_14/FPR/153/1/1/1000000/10000000/0/iterations:100/manual_time/threads:48",4800,0,30.349,ms,,,,,,2.6777e+06,21.4216,0,6.0988e-05,0,2.6777e+06
"Fuse_14/FPR/155/1/1/1000000/10000000/0/iterations:100/manual_time/threads:48",4800,0,30.4253,ms,,,,,,2.71273e+06,21.7018,0,6.1106e-05,0,2.71273e+06
"Fuse_14/FPR/157/1/1/1000000/10000000/0/iterations:100/manual_time/threads:48",4800,0,30.5298,ms,,,,,,2.74754e+06,21.9803,0,6.075e-05,0,2.74754e+06
"Fuse_14/FPR/158/1/1/1000000/10000000/0/iterations:100/manual_time/threads:48",4800,0,30.5223,ms,,,,,,2.76506e+06,22.1204,0,6.1342e-05,0,2.76506e+06
"Fuse_14/FPR/160/1/1/1000000/10000000/0/iterations:100/manual_time/threads:48",4800,0,30.6296,ms,,,,,,2.80009e+06,22.4007,0,6.129e-05,0,2.80009e+06
"Fuse_14/FPR/162/1/1/1000000/10000000/0/iterations:100/manual_time/threads:48",4800,0,30.7333,ms,,,,,,2.83512e+06,22.681,0,6.1124e-05,0,2.83512e+06
"Fuse_14/FPR/164/1/1/1000000/10000000/0/iterations:100/manual_time/threads:48",4800,0,30.8082,ms,,,,,,2.87038e+06,22.9631,0,6.0842e-05,0,2.87038e+06
"Fuse_14/FPR/166/1/1/1000000/10000000/0/iterations:100/manual_time/threads:48",4800,0,30.8794,ms,,,,,,2.90542e+06,23.2434,0,6.049e-05,0,2.90542e+06
"Fuse_14/FPR/167/1/1/1000000/10000000/0/iterations:100/manual_time/threads:48",4800,0,30.9317,ms,,,,,,2.92271e+06,23.3817,0,6.0709e-05,0,2.92271e+06
"Fuse_14/FPR/169/1/1/1000000/10000000/0/iterations:100/manual_time/threads:48",4800,0,31.009,ms,,,,,,2.95752e+06,23.6602,0,6.0808e-05,0,2.95752e+06
"Fuse_14/FPR/171/1/1/1000000/10000000/0/iterations:100/manual_time/threads:48",4800,0,31.0649,ms,,,,,,2.99255e+06,23.9404,0,6.112e-05,0,2.99255e+06
"Fuse_14/FPR/173/1/1/1000000/10000000/0/iterations:100/manual_time/threads:48",4800,0,31.1614,ms,,,,,,3.02758e+06,24.2207,0,6.0381e-05,0,3.02758e+06
"Fuse_14/FPR/175/1/1/1000000/10000000/0/iterations:100/manual_time/threads:48",4800,0,31.258,ms,,,,,,3.06262e+06,24.501,0,6.0616e-05,0,3.06262e+06
"Fuse_14/FPR/176/1/1/1000000/10000000/0/iterations:100/manual_time/threads:48",4800,0,31.2548,ms,,,,,,3.08014e+06,24.6412,0,6.0717e-05,0,3.08014e+06
"Fuse_14/FPR/178/1/1/1000000/10000000/0/iterations:100/manual_time/threads:48",4800,0,31.3321,ms,,,,,,3.11563e+06,24.9251,0,6.0798e-05,0,3.11563e+06
"Fuse_15/FPR/100/1/1/1000000/10000000/0/iterations:100/manual_time/threads:48",4800,0,90.8557,ms,,,,,,1.87518e+06,15.0015,100,-nan,16,1.87518e+06
"Fuse_15/FPR/101/1/1/1000000/10000000/0/iterations:100/manual_time/threads:48",4800,0,91.4297,ms,,,,,,1.89444e+06,15.1555,100,-nan,16,1.89444e+06
"Fuse_15/FPR/103/1/1/1000000/10000000/0/iterations:100/manual_time/threads:48",4800,0,92.8549,ms,,,,,,1.9315e+06,15.452,100,-nan,16,1.9315e+06
"Fuse_15/FPR/105/1/1/1000000/10000000/0/iterations:100/manual_time/threads:48",4800,0,94.3424,ms,,,,,,1.96878e+06,15.7503,100,-nan,16,1.96878e+06
"Fuse_15/FPR/106/1/1/1000000/10000000/0/iterations:100/manual_time/threads:48",4800,0,95.2586,ms,,,,,,1.9878e+06,15.9024,100,-nan,16,1.9878e+06
"Fuse_15/FPR/108/1/1/1000000/10000000/0/iterations:100/manual_time/threads:48",4800,0,97.0002,ms,,,,,,2.0251e+06,16.2008,100,-nan,16,2.0251e+06
"Fuse_15/FPR/110/1/1/1000000/10000000/0/iterations:100/manual_time/threads:48",4800,0,98.8881,ms,,,,,,2.06263e+06,16.5011,100,-nan,16,2.06263e+06
"Fuse_15/FPR/111/1/1/1000000/10000000/0/iterations:100/manual_time/threads:48",4800,0,100.772,ms,,,,,,2.0814e+06,16.6512,100,-nan,16,2.0814e+06
"Fuse_15/FPR/113/1/1/1000000/10000000/0/iterations:100/manual_time/threads:48",4800,0,27.3374,ms,,,,,,2.11894e+06,16.9515,0,3.0647e-05,0,2.11894e+06
"Fuse_15/FPR/115/1/1/1000000/10000000/0/iterations:100/manual_time/threads:48",4800,0,27.6572,ms,,,,,,2.15647e+06,17.2518,0,3.0498e-05,0,2.15647e+06
"Fuse_15/FPR/116/1/1/1000000/10000000/0/iterations:100/manual_time/threads:48",4800,0,27.8159,ms,,,,,,2.17524e+06,17.4019,0,3.0665e-05,0,2.17524e+06
"Fuse_15/FPR/118/1/1/1000000/10000000/0/iterations:100/manual_time/threads:48",4800,0,28.1759,ms,,,,,,2.21254e+06,17.7003,0,3.0722e-05,0,2.21254e+06
"Fuse_15/FPR/120/1/1/1000000/10000000/0/iterations:100/manual_time/threads:48",4800,0,28.5696,ms,,,,,,2.25007e+06,18.0006,0,3.0414e-05,0,2.25007e+06
"Fuse_15/FPR/121/1/1/1000000/10000000/0/iterations:100/manual_time/threads:48",4800,0,28.7829,ms,,,,,,2.26884e+06,18.1507,0,3.0559e-05,0,2.26884e+06
"Fuse_15/FPR/123/1/1/1000000/10000000/0/iterations:100/manual_time/threads:48",4800,0,29.2502,ms,,,,,,2.30638e+06,18.4511,0,3.0655e-05,0,2.30638e+06
"Fuse_15/FPR/125/1/1/1000000/10000000/0/iterations:100/manual_time/threads:48",4800,0,30.4044,ms,,,,,,2.34416e+06,18.7533,0,3.046e-05,0,2.34416e+06
"Fuse_15/FPR/126/1/1/1000000/10000000/0/iterations:100/manual_time/threads:48",4800,0,30.7348,ms,,,,,,2.36269e+06,18.9015,0,3.0434e-05,0,2.36269e+06
"Fuse_15/FPR/128/1/1/1000000/10000000/0/iterations:100/manual_time/threads:48",4800,0,30.9183,ms,,,,,,2.40022e+06,19.2018,0,3.0585e-05,0,2.40022e+06
"Fuse_15/FPR/130/1/1/1000000/10000000/0/iterations:100/manual_time/threads:48",4800,0,31.0216,ms,,,,,,2.43752e+06,19.5002,0,3.058e-05,0,2.43752e+06
"Fuse_15/FPR/131/1/1/1000000/10000000/0/iterations:100/manual_time/threads:48",4800,0,30.9542,ms,,,,,,2.45629e+06,19.6503,0,3.0837e-05,0,2.45629e+06
"Fuse_15/FPR/133/1/1/1000000/10000000/0/iterations:100/manual_time/threads:48",4800,0,31.0639,ms,,,,,,2.49382e+06,19.9506,0,3.0432e-05,0,2.49382e+06
"Fuse_15/FPR/135/1/1/1000000/10000000/0/iterations:100/manual_time/threads:48",4800,0,31.0781,ms,,,,,,2.53136e+06,20.2509,0,3.0483e-05,0,2.53136e+06
"Fuse_15/FPR/136/1/1/1000000/10000000/0/iterations:100/manual_time/threads:48",4800,0,31.1582,ms,,,,,,2.55013e+06,20.401,0,3.0452e-05,0,2.55013e+06
"Fuse_15/FPR/138/1/1/1000000/10000000/0/iterations:100/manual_time/threads:48",4800,0,31.1957,ms,,,,,,2.58767e+06,20.7014,0,3.0141e-05,0,2.58767e+06
"Fuse_15/FPR/140/1/1/1000000/10000000/0/iterations:100/manual_time/threads:48",4800,0,31.295,ms,,,,,,2.62521e+06,21.0017,0,3.043e-05,0,2.62521e+06
"Fuse_15/FPR/141/1/1/1000000/10000000/0/iterations:100/manual_time/threads:48",4800,0,31.2797,ms,,,,,,2.64398e+06,21.1518,0,3.0628e-05,0,2.64398e+06
"Fuse_15/FPR/143/1/1/1000000/10000000/0/iterations:100/manual_time/threads:48",4800,0,31.3752,ms,,,,,,2.68127e+06,21.4502,0,3.0386e-05,0,2.68127e+06
"Fuse_15/FPR/145/1/1/1000000/10000000/0/iterations:100/manual_time/threads:48",4800,0,31.479,ms,,,,,,2.71881e+06,21.7505,0,3.0264e-05,0,2.71881e+06
"Fuse_15/FPR/146/1/1/1000000/10000000/0/iterations:100/manual_time/threads:48",4800,0,31.5207,ms,,,,,,2.73758e+06,21.9006,0,3.0366e-05,0,2.73758e+06
"Fuse_15/FPR/148/1/1/1000000/10000000/0/iterations:100/manual_time/threads:48",4800,0,31.5565,ms,,,,,,2.77536e+06,22.2029,0,3.0523e-05,0,2.77536e+06
"Fuse_15/FPR/150/1/1/1000000/10000000/0/iterations:100/manual_time/threads:48",4800,0,31.6752,ms,,,,,,2.8129e+06,22.5032,0,2.9983e-05,0,2.8129e+06
"Fuse_15/FPR/151/1/1/1000000/10000000/0/iterations:100/manual_time/threads:48",4800,0,31.6999,ms,,,,,,2.83166e+06,22.6533,0,3.0708e-05,0,2.83166e+06
"Fuse_15/FPR/153/1/1/1000000/10000000/0/iterations:100/manual_time/threads:48",4800,0,31.7642,ms,,,,,,2.86896e+06,22.9517,0,3.0307e-05,0,2.86896e+06
"Fuse_15/FPR/155/1/1/1000000/10000000/0/iterations:100/manual_time/threads:48",4800,0,31.821,ms,,,,,,2.9065e+06,23.252,0,3.0565e-05,0,2.9065e+06
"Fuse_15/FPR/156/1/1/1000000/10000000/0/iterations:100/manual_time/threads:48",4800,0,31.8555,ms,,,,,,2.92502e+06,23.4001,0,3.0278e-05,0,2.92502e+06
"Fuse_15/FPR/158/1/1/1000000/10000000/0/iterations:100/manual_time/threads:48",4800,0,31.9618,ms,,,,,,2.96256e+06,23.7005,0,3.0607e-05,0,2.96256e+06
"Fuse_15/FPR/160/1/1/1000000/10000000/0/iterations:100/manual_time/threads:48",4800,0,32.0637,ms,,,,,,3.0001e+06,24.0008,0,3.0528e-05,0,3.0001e+06
"Fuse_15/FPR/161/1/1/1000000/10000000/0/iterations:100/manual_time/threads:48",4800,0,32.0837,ms,,,,,,3.01886e+06,24.1509,0,3.038e-05,0,3.01886e+06
"Fuse_15/FPR/163/1/1/1000000/10000000/0/iterations:100/manual_time/threads:48",4800,0,32.1611,ms,,,,,,3.0564e+06,24.4512,0,3.021e-05,0,3.0564e+06
"Fuse_15/FPR/165/1/1/1000000/10000000/0/iterations:100/manual_time/threads:48",4800,0,32.2834,ms,,,,,,3.09442e+06,24.7554,0,3.0357e-05,0,3.09442e+06
"Fuse_15/FPR/166/1/1/1000000/10000000/0/iterations:100/manual_time/threads:48",4800,0,32.2946,ms,,,,,,3.11295e+06,24.9036,0,3.0174e-05,0,3.11295e+06
"Fuse_16/FPR/100/1/1/1000000/10000000/0/iterations:100/manual_time/threads:48",4800,0,91.1843,ms,,,,,,2.00018e+06,16.0015,100,-nan,16,2.00018e+06
"Fuse_16/FPR/101/1/1/1000000/10000000/0/iterations:100/manual_time/threads:48",4800,0,91.8607,ms,,,,,,2.02072e+06,16.1658,100,-nan,16,2.02072e+06
"Fuse_16/FPR/103/1/1/1000000/10000000/0/iterations:100/manual_time/threads:48",4800,0,93.2785,ms,,,,,,2.06024e+06,16.4819,100,-nan,16,2.06024e+06
"Fuse_16/FPR/104/1/1/1000000/10000000/0/iterations:100/manual_time/threads:48",4800,0,93.9081,ms,,,,,,2.08e+06,16.64,100,-nan,16,2.08e+06
"Fuse_16/FPR/106/1/1/1000000/10000000/0/iterations:100/manual_time/threads:48",4800,0,95.601,ms,,,,,,2.1203e+06,16.9624,100,-nan,16,2.1203e+06
"Fuse_16/FPR/107/1/1/1000000/10000000/0/iterations:100/manual_time/threads:48",4800,0,96.2774,ms,,,,,,2.14006e+06,17.1205,100,-nan,16,2.14006e+06
"Fuse_16/FPR/109/1/1/1000000/10000000/0/iterations:100/manual_time/threads:48",4800,0,98.0206,ms,,,,,,2.1801e+06,17.4408,100,-nan,16,2.1801e+06
"Fuse_16/FPR/110/1/1/1000000/10000000/0/iterations:100/manual_time/threads:48",4800,0,99.337,ms,,,,,,2.20012e+06,17.601,100,-nan,16,2.20012e+06
"Fuse_16/FPR/112/1/1/1000000/10000000/0/iterations:100/manual_time/threads:48",4800,0,57.4573,ms,,,,,,2.24016e+06,17.9213,24,1.53882e-05,14,2.24016e+06
"Fuse_16/FPR/114/1/1/1000000/10000000/0/iterations:100/manual_time/threads:48",4800,0,24.0615,ms,,,,,,2.2802e+06,18.2416,0,1.5097e-05,0,2.2802e+06
"Fuse_16/FPR/115/1/1/1000000/10000000/0/iterations:100/manual_time/threads:48",4800,0,24.1835,ms,,,,,,2.30022e+06,18.4018,0,1.5313e-05,0,2.30022e+06
"Fuse_16/FPR/117/1/1/1000000/10000000/0/iterations:100/manual_time/threads:48",4800,0,24.4566,ms,,,,,,2.34e+06,18.72,0,1.5313e-05,0,2.34e+06
"Fuse_16/FPR/118/1/1/1000000/10000000/0/iterations:100/manual_time/threads:48",4800,0,24.5935,ms,,,,,,2.36002e+06,18.8802,0,1.537e-05,0,2.36002e+06
"Fuse_16/FPR/120/1/1/1000000/10000000/0/iterations:100/manual_time/threads:48",4800,0,24.9017,ms,,,,,,2.40006e+06,19.2005,0,1.5273e-05,0,2.40006e+06
"Fuse_16/FPR/121/1/1/1000000/10000000/0/iterations:100/manual_time/threads:48",4800,0,25.0246,ms,,,,,,2.42008e+06,19.3606,0,1.533e-05,0,2.42008e+06
"Fuse_16/FPR/123/1/1/1000000/10000000/0/iterations:100/manual_time/threads:48",4800,0,25.4464,ms,,,,,,2.46012e+06,19.681,0,1.5298e-05,0,2.46012e+06
"Fuse_16/FPR/125/1/1/1000000/10000000/0/iterations:100/manual_time/threads:48",4800,0,26.4849,ms,,,,,,2.50042e+06,20.0034,0,1.5119e-05,0,2.50042e+06
"Fuse_16/FPR/126/1/1/1000000/10000000/0/iterations:100/manual_time/threads:48",4800,0,26.7207,ms,,,,,,2.52018e+06,20.1615,0,1.5249e-05,0,2.52018e+06
"Fuse_16/FPR/128/1/1/1000000/10000000/0/iterations:100/manual_time/threads:48",4800,0,26.9087,ms,,,,,,2.56022e+06,20.4818,0,1.5325e-05,0,2.56022e+06
"Fuse_16/FPR/129/1/1/1000000/10000000/0/iterations:100/manual_time/threads:48",4800,0,26.9233,ms,,,,,,2.58024e+06,20.6419,0,1.5222e-05,0,2.58024e+06
"Fuse_16/FPR/131/1/1/1000000/10000000/0/iterations:100/manual_time/threads:48",4800,0,26.95,ms,,,,,,2.62002e+06,20.9602,0,1.5375e-05,0,2.62002e+06
"Fuse_16/FPR/132/1/1/1000000/10000000/0/iterations:100/manual_time/threads:48",4800,0,26.9307,ms,,,,,,2.6403e+06,21.1224,0,1.5287e-05,0,2.6403e+06
"Fuse_16/FPR/134/1/1/1000000/10000000/0/iterations:100/manual_time/threads:48",4800,0,26.945,ms,,,,,,2.68008e+06,21.4406,0,1.5438e-05,0,2.68008e+06
"Fuse_16/FPR/135/1/1/1000000/10000000/0/iterations:100/manual_time/threads:48",4800,0,26.9794,ms,,,,,,2.7001e+06,21.6008,0,1.525e-05,0,2.7001e+06
"Fuse_16/FPR/137/1/1/1000000/10000000/0/iterations:100/manual_time/threads:48",4800,0,26.9681,ms,,,,,,2.74092e+06,21.9274,0,1.5209e-05,0,2.74092e+06
"Fuse_16/FPR/139/1/1/1000000/10000000/0/iterations:100/manual_time/threads:48",4800,0,27.0128,ms,,,,,,2.78018e+06,22.2415,0,1.5226e-05,0,2.78018e+06
"Fuse_16/FPR/140/1/1/1000000/10000000/0/iterations:100/manual_time/threads:48",4800,0,26.9956,ms,,,,,,2.8002e+06,22.4016,0,1.5135e-05,0,2.8002e+06
"Fuse_16/FPR/142/1/1/1000000/10000000/0/iterations:100/manual_time/threads:48",4800,0,27.0274,ms,,,,,,2.84024e+06,22.7219,0,1.5318e-05,0,2.84024e+06
"Fuse_16/FPR/143/1/1/1000000/10000000/0/iterations:100/manual_time/threads:48",4800,0,27.0836,ms,,,,,,2.86e+06,22.88,0,1.51e-05,0,2.86e+06
"Fuse_16/FPR/145/1/1/1000000/10000000/0/iterations:100/manual_time/threads:48",4800,0,27.1114,ms,,,,,,2.90004e+06,23.2003,0,1.5246e-05,0,2.90004e+06
"Fuse_16/FPR/146/1/1/1000000/10000000/0/iterations:100/manual_time/threads:48",4800,0,27.1012,ms,,,,,,2.92006e+06,23.3605,0,1.5163e-05,0,2.92006e+06
"Fuse_16/FPR/148/1/1/1000000/10000000/0/iterations:100/manual_time/threads:48",4800,0,27.1497,ms,,,,,,2.96036e+06,23.6829,0,1.5247e-05,0,2.96036e+06
"Fuse_16/FPR/150/1/1/1000000/10000000/0/iterations:100/manual_time/threads:48",4800,0,27.193,ms,,,,,,3.0004e+06,24.0032,0,1.4975e-05,0,3.0004e+06
"Fuse_16/FPR/151/1/1/1000000/10000000/0/iterations:100/manual_time/threads:48",4800,0,27.1958,ms,,,,,,3.02042e+06,24.1634,0,1.542e-05,0,3.02042e+06
"Fuse_16/FPR/153/1/1/1000000/10000000/0/iterations:100/manual_time/threads:48",4800,0,27.2586,ms,,,,,,3.0602e+06,24.4816,0,1.5173e-05,0,3.0602e+06
"Fuse_16/FPR/154/1/1/1000000/10000000/0/iterations:100/manual_time/threads:48",4800,0,27.2846,ms,,,,,,3.08022e+06,24.6418,0,1.5102e-05,0,3.08022e+06
"Fuse_16/FPR/156/1/1/1000000/10000000/0/iterations:100/manual_time/threads:48",4800,0,27.3304,ms,,,,,,3.12e+06,24.96,0,1.5193e-05,0,3.12e+06
"Fuse_17/FPR/100/1/1/1000000/10000000/0/iterations:100/manual_time/threads:48",4800,0,90.6623,ms,,,,,,2.12522e+06,17.0017,100,-nan,16,2.12522e+06
"Fuse_17/FPR/101/1/1/1000000/10000000/0/iterations:100/manual_time/threads:48",4800,0,91.4823,ms,,,,,,2.14703e+06,17.1763,100,-nan,16,2.14703e+06
"Fuse_17/FPR/102/1/1/1000000/10000000/0/iterations:100/manual_time/threads:48",4800,0,92.0447,ms,,,,,,2.1683e+06,17.3464,100,-nan,16,2.1683e+06
"Fuse_17/FPR/104/1/1/1000000/10000000/0/iterations:100/manual_time/threads:48",4800,0,93.3856,ms,,,,,,2.21002e+06,17.6802,100,-nan,16,2.21002e+06
"Fuse_17/FPR/105/1/1/1000000/10000000/0/iterations:100/manual_time/threads:48",4800,0,94.2492,ms,,,,,,2.2313e+06,17.8504,100,-nan,16,2.2313e+06
"Fuse_17/FPR/107/1/1/1000000/10000000/0/iterations:100/manual_time/threads:48",4800,0,95.9901,ms,,,,,,2.27383e+06,18.1907,100,-nan,16,2.27383e+06
"Fuse_17/FPR/108/1/1/1000000/10000000/0/iterations:100/manual_time/threads:48",4800,0,96.8238,ms,,,,,,2.2951e+06,18.3608,100,-nan,16,2.2951e+06
"Fuse_17/FPR/110/1/1/1000000/10000000/0/iterations:100/manual_time/threads:48",4800,0,99.0552,ms,,,,,,2.33765e+06,18.7012,100,-nan,16,2.33765e+06
"Fuse_17/FPR/111/1/1/1000000/10000000/0/iterations:100/manual_time/threads:48",4800,0,100.815,ms,,,,,,2.35892e+06,18.8714,100,-nan,16,2.35892e+06
"Fuse_17/FPR/113/1/1/1000000/10000000/0/iterations:100/manual_time/threads:48",4800,0,28.8234,ms,,,,,,2.40146e+06,19.2117,0,7.753e-06,0,2.40146e+06
"Fuse_17/FPR/114/1/1/1000000/10000000/0/iterations:100/manual_time/threads:48",4800,0,28.9817,ms,,,,,,2.42274e+06,19.3819,0,7.516e-06,0,2.42274e+06
"Fuse_17/FPR/116/1/1/1000000/10000000/0/iterations:100/manual_time/threads:48",4800,0,29.2344,ms,,,,,,2.46527e+06,19.7222,0,7.633e-06,0,2.46527e+06
"Fuse_17/FPR/117/1/1/1000000/10000000/0/iterations:100/manual_time/threads:48",4800,0,29.4408,ms,,,,,,2.48627e+06,19.8902,0,7.69e-06,0,2.48627e+06
"Fuse_17/FPR/119/1/1/1000000/10000000/0/iterations:100/manual_time/threads:48",4800,0,29.7718,ms,,,,,,2.52909e+06,20.2327,0,7.357e-06,0,2.52909e+06
"Fuse_17/FPR/120/1/1/1000000/10000000/0/iterations:100/manual_time/threads:48",4800,0,29.9487,ms,,,,,,2.55009e+06,20.4007,0,7.633e-06,0,2.55009e+06
"Fuse_17/FPR/122/1/1/1000000/10000000/0/iterations:100/manual_time/threads:48",4800,0,30.374,ms,,,,,,2.59262e+06,20.741,0,7.674e-06,0,2.59262e+06
"Fuse_17/FPR/123/1/1/1000000/10000000/0/iterations:100/manual_time/threads:48",4800,0,30.5615,ms,,,,,,2.6139e+06,20.9112,0,7.534e-06,0,2.6139e+06
"Fuse_17/FPR/125/1/1/1000000/10000000/0/iterations:100/manual_time/threads:48",4800,0,31.7617,ms,,,,,,2.65672e+06,21.2538,0,7.624e-06,0,2.65672e+06
"Fuse_17/FPR/126/1/1/1000000/10000000/0/iterations:100/manual_time/threads:48",4800,0,32.0577,ms,,,,,,2.67771e+06,21.4217,0,7.67e-06,0,2.67771e+06
"Fuse_17/FPR/127/1/1/1000000/10000000/0/iterations:100/manual_time/threads:48",4800,0,32.2052,ms,,,,,,2.69898e+06,21.5919,0,7.656e-06,0,2.69898e+06
"Fuse_17/FPR/129/1/1/1000000/10000000/0/iterations:100/manual_time/threads:48",4800,0,32.2301,ms,,,,,,2.74153e+06,21.9322,0,7.728e-06,0,2.74153e+06
"Fuse_17/FPR/130/1/1/1000000/10000000/0/iterations:100/manual_time/threads:48",4800,0,32.2993,ms,,,,,,2.76252e+06,22.1002,0,7.663e-06,0,2.76252e+06
"Fuse_17/FPR/132/1/1/1000000/10000000/0/iterations:100/manual_time/threads:48",4800,0,32.2703,ms,,,,,,2.80534e+06,22.4427,0,7.725e-06,0,2.80534e+06
"Fuse_17/FPR/133/1/1/1000000/10000000/0/iterations:100/manual_time/threads:48",4800,0,32.2502,ms,,,,,,2.82634e+06,22.6107,0,7.497e-06,0,2.82634e+06
"Fuse_17/FPR/135/1/1/1000000/10000000/0/iterations:100/manual_time/threads:48",4800,0,32.3021,ms,,,,,,2.86888e+06,22.951,0,7.717e-06,0,2.86888e+06
"Fuse_17/FPR/136/1/1/1000000/10000000/0/iterations:100/manual_time/threads:48",4800,0,32.3365,ms,,,,,,2.89015e+06,23.1212,0,7.631e-06,0,2.89015e+06
"Fuse_17/FPR/138/1/1/1000000/10000000/0/iterations:100/manual_time/threads:48",4800,0,32.3919,ms,,,,,,2.93269e+06,23.4615,0,7.603e-06,0,2.93269e+06
"Fuse_17/FPR/139/1/1/1000000/10000000/0/iterations:100/manual_time/threads:48",4800,0,32.4246,ms,,,,,,2.95396e+06,23.6317,0,7.573e-06,0,2.95396e+06
"Fuse_17/FPR/141/1/1/1000000/10000000/0/iterations:100/manual_time/threads:48",4800,0,32.4557,ms,,,,,,2.9965e+06,23.972,0,7.634e-06,0,2.9965e+06
"Fuse_17/FPR/142/1/1/1000000/10000000/0/iterations:100/manual_time/threads:48",4800,0,32.4937,ms,,,,,,3.01778e+06,24.1422,0,7.687e-06,0,3.01778e+06
"Fuse_17/FPR/144/1/1/1000000/10000000/0/iterations:100/manual_time/threads:48",4800,0,32.5576,ms,,,,,,3.06004e+06,24.4803,0,7.586e-06,0,3.06004e+06
"Fuse_17/FPR/145/1/1/1000000/10000000/0/iterations:100/manual_time/threads:48",4800,0,32.5354,ms,,,,,,3.08131e+06,24.6505,0,7.684e-06,0,3.08131e+06
"Fuse_17/FPR/147/1/1/1000000/10000000/0/iterations:100/manual_time/threads:48",4800,0,32.6131,ms,,,,,,3.12386e+06,24.9908,0,7.619e-06,0,3.12386e+06
"Fuse_18/FPR/100/1/1/1000000/10000000/0/iterations:100/manual_time/threads:48",4800,0,90.6014,ms,,,,,,2.25022e+06,18.0018,100,-nan,16,2.25022e+06
"Fuse_18/FPR/101/1/1/1000000/10000000/0/iterations:100/manual_time/threads:48",4800,0,91.5647,ms,,,,,,2.27333e+06,18.1866,100,-nan,16,2.27333e+06
"Fuse_18/FPR/102/1/1/1000000/10000000/0/iterations:100/manual_time/threads:48",4800,0,92.1424,ms,,,,,,2.29586e+06,18.3668,100,-nan,16,2.29586e+06
"Fuse_18/FPR/104/1/1/1000000/10000000/0/iterations:100/manual_time/threads:48",4800,0,93.6661,ms,,,,,,2.34002e+06,18.7202,100,-nan,16,2.34002e+06
"Fuse_18/FPR/105/1/1/1000000/10000000/0/iterations:100/manual_time/threads:48",4800,0,94.3567,ms,,,,,,2.36254e+06,18.9004,100,-nan,16,2.36254e+06
"Fuse_18/FPR/106/1/1/1000000/10000000/0/iterations:100/manual_time/threads:48",4800,0,95.195,ms,,,,,,2.38536e+06,19.0829,100,-nan,16,2.38536e+06
"Fuse_18/FPR/108/1/1/1000000/10000000/0/iterations:100/manual_time/threads:48",4800,0,96.9602,ms,,,,,,2.43011e+06,19.4409,100,-nan,16,2.43011e+06
"Fuse_18/FPR/109/1/1/1000000/10000000/0/iterations:100/manual_time/threads:48",4800,0,97.8231,ms,,,,,,2.45263e+06,19.6211,100,-nan,16,2.45263e+06
"Fuse_18/FPR/111/1/1/1000000/10000000/0/iterations:100/manual_time/threads:48",4800,0,100.82,ms,,,,,,2.49768e+06,19.9814,100,-nan,16,2.49768e+06
"Fuse_18/FPR/112/1/1/1000000/10000000/0/iterations:100/manual_time/threads:48",4800,0,61.4274,ms,,,,,,2.5202e+06,20.1616,24,3.76842e-06,14,2.5202e+06
"Fuse_18/FPR/113/1/1/1000000/10000000/0/iterations:100/manual_time/threads:48",4800,0,29.2304,ms,,,,,,2.54273e+06,20.3418,0,3.914e-06,0,2.54273e+06
"Fuse_18/FPR/115/1/1/1000000/10000000/0/iterations:100/manual_time/threads:48",4800,0,29.5248,ms,,,,,,2.58777e+06,20.7021,0,3.822e-06,0,2.58777e+06
"Fuse_18/FPR/116/1/1/1000000/10000000/0/iterations:100/manual_time/threads:48",4800,0,29.67,ms,,,,,,2.61029e+06,20.8823,0,3.855e-06,0,2.61029e+06
"Fuse_18/FPR/118/1/1/1000000/10000000/0/iterations:100/manual_time/threads:48",4800,0,29.9813,ms,,,,,,2.65505e+06,21.2404,0,3.878e-06,0,2.65505e+06
"Fuse_18/FPR/119/1/1/1000000/10000000/0/iterations:100/manual_time/threads:48",4800,0,30.1488,ms,,,,,,2.67786e+06,21.4228,0,3.635e-06,0,2.67786e+06
"Fuse_18/FPR/120/1/1/1000000/10000000/0/iterations:100/manual_time/threads:48",4800,0,30.3332,ms,,,,,,2.70009e+06,21.6007,0,3.767e-06,0,2.70009e+06
"Fuse_18/FPR/122/1/1/1000000/10000000/0/iterations:100/manual_time/threads:48",4800,0,30.6962,ms,,,,,,2.74514e+06,21.9611,0,3.885e-06,0,2.74514e+06
"Fuse_18/FPR/123/1/1/1000000/10000000/0/iterations:100/manual_time/threads:48",4800,0,30.9264,ms,,,,,,2.76766e+06,22.1412,0,3.795e-06,0,2.76766e+06
"Fuse_18/FPR/125/1/1/1000000/10000000/0/iterations:100/manual_time/threads:48",4800,0,32.1125,ms,,,,,,2.81299e+06,22.5039,0,3.855e-06,0,2.81299e+06
"Fuse_18/FPR/126/1/1/1000000/10000000/0/iterations:100/manual_time/threads:48",4800,0,32.4206,ms,,,,,,2.83522e+06,22.6818,0,3.801e-06,0,2.83522e+06
"Fuse_18/FPR/127/1/1/1000000/10000000/0/iterations:100/manual_time/threads:48",4800,0,32.5218,ms,,,,,,2.85774e+06,22.862,0,3.757e-06,0,2.85774e+06
"Fuse_18/FPR/129/1/1/1000000/10000000/0/iterations:100/manual_time/threads:48",4800,0,32.5472,ms,,,,,,2.90279e+06,23.2223,0,3.86e-06,0,2.90279e+06
"Fuse_18/FPR/130/1/1/1000000/10000000/0/iterations:100/manual_time/threads:48",4800,0,32.6077,ms,,,,,,2.92502e+06,23.4002,0,3.812e-06,0,2.92502e+06
"Fuse_18/FPR/131/1/1/1000000/10000000/0/iterations:100/manual_time/threads:48",4800,0,32.5862,ms,,,,,,2.94754e+06,23.5804,0,3.906e-06,0,2.94754e+06
"Fuse_18/FPR/133/1/1/1000000/10000000/0/iterations:100/manual_time/threads:48",4800,0,32.6013,ms,,,,,,2.99259e+06,23.9407,0,3.715e-06,0,2.99259e+06
"Fuse_18/FPR/134/1/1/1000000/10000000/0/iterations:100/manual_time/threads:48",4800,0,32.6203,ms,,,,,,3.01511e+06,24.1209,0,3.778e-06,0,3.01511e+06
"Fuse_18/FPR/136/1/1/1000000/10000000/0/iterations:100/manual_time/threads:48",4800,0,32.6465,ms,,,,,,3.06016e+06,24.4813,0,3.852e-06,0,3.06016e+06
"Fuse_18/FPR/137/1/1/1000000/10000000/0/iterations:100/manual_time/threads:48",4800,0,32.6439,ms,,,,,,3.08356e+06,24.6685,0,3.712e-06,0,3.08356e+06
"Fuse_18/FPR/138/1/1/1000000/10000000/0/iterations:100/manual_time/threads:48",4800,0,32.6728,ms,,,,,,3.1052e+06,24.8416,0,3.853e-06,0,3.1052e+06
"Fuse_19/FPR/100/1/1/1000000/10000000/0/iterations:100/manual_time/threads:48",4800,0,90.7912,ms,,,,,,2.37524e+06,19.0019,100,-nan,16,2.37524e+06
"Fuse_19/FPR/101/1/1/1000000/10000000/0/iterations:100/manual_time/threads:48",4800,0,91.4164,ms,,,,,,2.39962e+06,19.197,100,-nan,16,2.39962e+06
"Fuse_19/FPR/102/1/1/1000000/10000000/0/iterations:100/manual_time/threads:48",4800,0,92.1782,ms,,,,,,2.4234e+06,19.3872,100,-nan,16,2.4234e+06
"Fuse_19/FPR/103/1/1/1000000/10000000/0/iterations:100/manual_time/threads:48",4800,0,92.8299,ms,,,,,,2.44656e+06,19.5725,100,-nan,16,2.44656e+06
"Fuse_19/FPR/105/1/1/1000000/10000000/0/iterations:100/manual_time/threads:48",4800,0,94.4316,ms,,,,,,2.4938e+06,19.9504,100,-nan,16,2.4938e+06
"Fuse_19/FPR/106/1/1/1000000/10000000/0/iterations:100/manual_time/threads:48",4800,0,95.2353,ms,,,,,,2.51788e+06,20.143,100,-nan,16,2.51788e+06
"Fuse_19/FPR/107/1/1/1000000/10000000/0/iterations:100/manual_time/threads:48",4800,0,95.8443,ms,,,,,,2.54134e+06,20.3308,100,-nan,16,2.54134e+06
"Fuse_19/FPR/109/1/1/1000000/10000000/0/iterations:100/manual_time/threads:48",4800,0,97.8853,ms,,,,,,2.58889e+06,20.7111,100,-nan,16,2.58889e+06
"Fuse_19/FPR/110/1/1/1000000/10000000/0/iterations:100/manual_time/threads:48",4800,0,98.8273,ms,,,,,,2.61266e+06,20.9013,100,-nan,16,2.61266e+06
"Fuse_19/FPR/111/1/1/1000000/10000000/0/iterations:100/manual_time/threads:48",4800,0,100.836,ms,,,,,,2.63644e+06,21.0915,100,-nan,16,2.63644e+06
"Fuse_19/FPR/113/1/1/1000000/10000000/0/iterations:100/manual_time/threads:48",4800,0,29.9738,ms,,,,,,2.68398e+06,21.4719,0,1.915e-06,0,2.68398e+06
"Fuse_19/FPR/114/1/1/1000000/10000000/0/iterations:100/manual_time/threads:48",4800,0,30.1257,ms,,,,,,2.70776e+06,21.6621,0,1.839e-06,0,2.70776e+06
"Fuse_19/FPR/115/1/1/1000000/10000000/0/iterations:100/manual_time/threads:48",4800,0,30.2465,ms,,,,,,2.73154e+06,21.8523,0,1.862e-06,0,2.73154e+06
"Fuse_19/FPR/117/1/1/1000000/10000000/0/iterations:100/manual_time/threads:48",4800,0,30.5619,ms,,,,,,2.77878e+06,22.2302,0,1.953e-06,0,2.77878e+06
"Fuse_19/FPR/118/1/1/1000000/10000000/0/iterations:100/manual_time/threads:48",4800,0,30.7238,ms,,,,,,2.80254e+06,22.4204,0,1.947e-06,0,2.80254e+06
"Fuse_19/FPR/119/1/1/1000000/10000000/0/iterations:100/manual_time/threads:48",4800,0,30.8668,ms,,,,,,2.82663e+06,22.6131,0,1.856e-06,0,2.82663e+06
"Fuse_19/FPR/121/1/1/1000000/10000000/0/iterations:100/manual_time/threads:48",4800,0,31.1919,ms,,,,,,2.87386e+06,22.9909,0,1.878e-06,0,2.87386e+06
"Fuse_19/FPR/122/1/1/1000000/10000000/0/iterations:100/manual_time/threads:48",4800,0,31.4018,ms,,,,,,2.89764e+06,23.1811,0,1.968e-06,0,2.89764e+06
"Fuse_19/FPR/123/1/1/1000000/10000000/0/iterations:100/manual_time/threads:48",4800,0,31.634,ms,,,,,,2.92142e+06,23.3713,0,1.882e-06,0,2.92142e+06
"Fuse_19/FPR/125/1/1/1000000/10000000/0/iterations:100/manual_time/threads:48",4800,0,32.7813,ms,,,,,,2.96927e+06,23.7542,0,1.916e-06,0,2.96927e+06
"Fuse_19/FPR/126/1/1/1000000/10000000/0/iterations:100/manual_time/threads:48",4800,0,33.0882,ms,,,,,,2.99274e+06,23.9419,0,1.9e-06,0,2.99274e+06
"Fuse_19/FPR/127/1/1/1000000/10000000/0/iterations:100/manual_time/threads:48",4800,0,33.2331,ms,,,,,,3.01651e+06,24.1321,0,1.856e-06,0,3.01651e+06
"Fuse_19/FPR/128/1/1/1000000/10000000/0/iterations:100/manual_time/threads:48",4800,0,33.2299,ms,,,,,,3.04029e+06,24.3223,0,1.878e-06,0,3.04029e+06
"Fuse_19/FPR/130/1/1/1000000/10000000/0/iterations:100/manual_time/threads:48",4800,0,33.3068,ms,,,,,,3.08752e+06,24.7002,0,1.94e-06,0,3.08752e+06
"Fuse_19/FPR/131/1/1/1000000/10000000/0/iterations:100/manual_time/threads:48",4800,0,33.273,ms,,,,,,3.1113e+06,24.8904,0,1.936e-06,0,3.1113e+06
"Fuse_20/FPR/100/1/1/1000000/10000000/0/iterations:100/manual_time/threads:48",4800,0,90.8484,ms,,,,,,2.50025e+06,20.002,100,-nan,16,2.50025e+06
"Fuse_20/FPR/101/1/1/1000000/10000000/0/iterations:100/manual_time/threads:48",4800,0,91.4875,ms,,,,,,2.52592e+06,20.2074,100,-nan,16,2.52592e+06
"Fuse_20/FPR/102/1/1/1000000/10000000/0/iterations:100/manual_time/threads:48",4800,0,91.9421,ms,,,,,,2.55095e+06,20.4076,100,-nan,16,2.55095e+06
"Fuse_20/FPR/103/1/1/1000000/10000000/0/iterations:100/manual_time/threads:48",4800,0,92.8955,ms,,,,,,2.57532e+06,20.6026,100,-nan,16,2.57532e+06
"Fuse_20/FPR/105/1/1/1000000/10000000/0/iterations:100/manual_time/threads:48",4800,0,94.3448,ms,,,,,,2.62505e+06,21.0004,100,-nan,16,2.62505e+06
"Fuse_20/FPR/106/1/1/1000000/10000000/0/iterations:100/manual_time/threads:48",4800,0,95.1079,ms,,,,,,2.6504e+06,21.2032,100,-nan,16,2.6504e+06
"Fuse_20/FPR/107/1/1/1000000/10000000/0/iterations:100/manual_time/threads:48",4800,0,95.8384,ms,,,,,,2.6751e+06,21.4008,100,-nan,16,2.6751e+06
"Fuse_20/FPR/108/1/1/1000000/10000000/0/iterations:100/manual_time/threads:48",4800,0,96.9293,ms,,,,,,2.70012e+06,21.601,100,-nan,16,2.70012e+06
"Fuse_20/FPR/110/1/1/1000000/10000000/0/iterations:100/manual_time/threads:48",4800,0,98.9679,ms,,,,,,2.75018e+06,22.0014,100,-nan,16,2.75018e+06
"Fuse_20/FPR/111/1/1/1000000/10000000/0/iterations:100/manual_time/threads:48",4800,0,100.811,ms,,,,,,2.7752e+06,22.2016,100,-nan,16,2.7752e+06
"Fuse_20/FPR/112/1/1/1000000/10000000/0/iterations:100/manual_time/threads:48",4800,0,63.6608,ms,,,,,,2.80022e+06,22.4018,24,9.5e-07,15,2.80022e+06
"Fuse_20/FPR/113/1/1/1000000/10000000/0/iterations:100/manual_time/threads:48",4800,0,30.1544,ms,,,,,,2.82525e+06,22.602,0,9.4e-07,0,2.82525e+06
"Fuse_20/FPR/115/1/1/1000000/10000000/0/iterations:100/manual_time/threads:48",4800,0,30.4129,ms,,,,,,2.8753e+06,23.0024,0,9.77e-07,0,2.8753e+06
"Fuse_20/FPR/116/1/1/1000000/10000000/0/iterations:100/manual_time/threads:48",4800,0,30.5696,ms,,,,,,2.90032e+06,23.2026,0,9.55e-07,0,2.90032e+06
"Fuse_20/FPR/117/1/1/1000000/10000000/0/iterations:100/manual_time/threads:48",4800,0,30.7183,ms,,,,,,2.92502e+06,23.4002,0,9.79e-07,0,2.92502e+06
"Fuse_20/FPR/118/1/1/1000000/10000000/0/iterations:100/manual_time/threads:48",4800,0,30.8474,ms,,,,,,2.95005e+06,23.6004,0,9.85e-07,0,2.95005e+06
"Fuse_20/FPR/120/1/1/1000000/10000000/0/iterations:100/manual_time/threads:48",4800,0,31.203,ms,,,,,,3.0001e+06,24.0008,0,9.55e-07,0,3.0001e+06
"Fuse_20/FPR/121/1/1/1000000/10000000/0/iterations:100/manual_time/threads:48",4800,0,31.3544,ms,,,,,,3.02512e+06,24.201,0,9.13e-07,0,3.02512e+06
"Fuse_20/FPR/122/1/1/1000000/10000000/0/iterations:100/manual_time/threads:48",4800,0,31.5317,ms,,,,,,3.05015e+06,24.4012,0,1.005e-06,0,3.05015e+06
"Fuse_20/FPR/123/1/1/1000000/10000000/0/iterations:100/manual_time/threads:48",4800,0,31.7802,ms,,,,,,3.07518e+06,24.6014,0,9.47e-07,0,3.07518e+06
"Fuse_20/FPR/125/1/1/1000000/10000000/0/iterations:100/manual_time/threads:48",4800,0,32.9353,ms,,,,,,3.12555e+06,25.0044,0,9.37e-07,0,3.12555e+06
"Fuse_21/FPR/100/1/1/1000000/10000000/0/iterations:100/manual_time/threads:48",4800,0,90.7613,ms,,,,,,2.62526e+06,21.0021,100,-nan,16,2.62526e+06
"Fuse_21/FPR/101/1/1/1000000/10000000/0/iterations:100/manual_time/threads:48",4800,0,91.4622,ms,,,,,,2.65222e+06,21.2177,100,-nan,16,2.65222e+06
"Fuse_21/FPR/102/1/1/1000000/10000000/0/iterations:100/manual_time/threads:48",4800,0,92.1773,ms,,,,,,2.6785e+06,21.428,100,-nan,16,2.6785e+06
"Fuse_21/FPR/103/1/1/1000000/10000000/0/iterations:100/manual_time/threads:48",4800,0,92.9569,ms,,,,,,2.70409e+06,21.6327,100,-nan,16,2.70409e+06
"Fuse_21/FPR/104/1/1/1000000/10000000/0/iterations:100/manual_time/threads:48",4800,0,93.6521,ms,,,,,,2.73002e+06,21.8402,100,-nan,16,2.73002e+06
"Fuse_21/FPR/105/1/1/1000000/10000000/0/iterations:100/manual_time/threads:48",4800,0,94.3327,ms,,,,,,2.7563e+06,22.0504,100,-nan,16,2.7563e+06
"Fuse_21/FPR/107/1/1/1000000/10000000/0/iterations:100/manual_time/threads:48",4800,0,95.9802,ms,,,,,,2.80886e+06,22.4708,100,-nan,16,2.80886e+06
"Fuse_21/FPR/108/1/1/1000000/10000000/0/iterations:100/manual_time/threads:48",4800,0,96.9532,ms,,,,,,2.83513e+06,22.681,100,-nan,16,2.83513e+06
"Fuse_21/FPR/109/1/1/1000000/10000000/0/iterations:100/manual_time/threads:48",4800,0,97.888,ms,,,,,,2.86141e+06,22.8913,100,-nan,16,2.86141e+06
"Fuse_21/FPR/110/1/1/1000000/10000000/0/iterations:100/manual_time/threads:48",4800,0,99.0548,ms,,,,,,2.88768e+06,23.1014,100,-nan,16,2.88768e+06
"Fuse_21/FPR/111/1/1/1000000/10000000/0/iterations:100/manual_time/threads:48",4800,0,100.715,ms,,,,,,2.91396e+06,23.3117,100,-nan,16,2.91396e+06
"Fuse_21/FPR/113/1/1/1000000/10000000/0/iterations:100/manual_time/threads:48",4800,0,30.8113,ms,,,,,,2.96651e+06,23.7321,0,4.72e-07,0,2.96651e+06
"Fuse_21/FPR/114/1/1/1000000/10000000/0/iterations:100/manual_time/threads:48",4800,0,30.93,ms,,,,,,2.99278e+06,23.9423,0,4.59e-07,0,2.99278e+06
"Fuse_21/FPR/115/1/1/1000000/10000000/0/iterations:100/manual_time/threads:48",4800,0,31.0757,ms,,,,,,3.01906e+06,24.1525,0,4.71e-07,0,3.01906e+06
"Fuse_21/FPR/116/1/1/1000000/10000000/0/iterations:100/manual_time/threads:48",4800,0,31.2004,ms,,,,,,3.04534e+06,24.3627,0,4.91e-07,0,3.04534e+06
"Fuse_21/FPR/117/1/1/1000000/10000000/0/iterations:100/manual_time/threads:48",4800,0,31.3332,ms,,,,,,3.07127e+06,24.5702,0,4.82e-07,0,3.07127e+06
"Fuse_21/FPR/119/1/1/1000000/10000000/0/iterations:100/manual_time/threads:48",4800,0,31.6648,ms,,,,,,3.12417e+06,24.9933,0,4.44e-07,0,3.12417e+06
"Fuse_22/FPR/100/1/1/1000000/10000000/0/iterations:100/manual_time/threads:48",4800,0,90.8233,ms,,,,,,2.75027e+06,22.0022,100,-nan,16,2.75027e+06
"Fuse_22/FPR/101/1/1/1000000/10000000/0/iterations:100/manual_time/threads:48",4800,0,91.5431,ms,,,,,,2.77851e+06,22.2281,100,-nan,16,2.77851e+06
"Fuse_22/FPR/102/1/1/1000000/10000000/0/iterations:100/manual_time/threads:48",4800,0,92.1481,ms,,,,,,2.80604e+06,22.4483,100,-nan,16,2.80604e+06
"Fuse_22/FPR/103/1/1/1000000/10000000/0/iterations:100/manual_time/threads:48",4800,0,92.8059,ms,,,,,,2.83286e+06,22.6628,100,-nan,16,2.83286e+06
"Fuse_22/FPR/104/1/1/1000000/10000000/0/iterations:100/manual_time/threads:48",4800,0,93.5315,ms,,,,,,2.86002e+06,22.8802,100,-nan,16,2.86002e+06
"Fuse_22/FPR/105/1/1/1000000/10000000/0/iterations:100/manual_time/threads:48",4800,0,94.2293,ms,,,,,,2.88755e+06,23.1004,100,-nan,16,2.88755e+06
"Fuse_22/FPR/106/1/1/1000000/10000000/0/iterations:100/manual_time/threads:48",4800,0,95.0994,ms,,,,,,2.91544e+06,23.3235,100,-nan,16,2.91544e+06
"Fuse_22/FPR/107/1/1/1000000/10000000/0/iterations:100/manual_time/threads:48",4800,0,95.9039,ms,,,,,,2.94261e+06,23.5409,100,-nan,16,2.94261e+06
"Fuse_22/FPR/109/1/1/1000000/10000000/0/iterations:100/manual_time/threads:48",4800,0,97.8615,ms,,,,,,2.99766e+06,23.9813,100,-nan,16,2.99766e+06
"Fuse_22/FPR/110/1/1/1000000/10000000/0/iterations:100/manual_time/threads:48",4800,0,99.0134,ms,,,,,,3.02519e+06,24.2015,100,-nan,16,3.02519e+06
"Fuse_22/FPR/111/1/1/1000000/10000000/0/iterations:100/manual_time/threads:48",4800,0,100.776,ms,,,,,,3.05272e+06,24.4218,100,-nan,16,3.05272e+06
"Fuse_22/FPR/112/1/1/1000000/10000000/0/iterations:100/manual_time/threads:48",4800,0,64.6812,ms,,,,,,3.08025e+06,24.642,24,2.35526e-07,4,3.08025e+06
"Fuse_22/FPR/113/1/1/1000000/10000000/0/iterations:100/manual_time/threads:48",4800,0,30.1119,ms,,,,,,3.10778e+06,24.8622,0,2.34e-07,0,3.10778e+06
"Fuse_23/FPR/100/1/1/1000000/10000000/0/iterations:100/manual_time/threads:48",4800,0,90.8098,ms,,,,,,2.87529e+06,23.0023,100,-nan,16,2.87529e+06
"Fuse_23/FPR/101/1/1/1000000/10000000/0/iterations:100/manual_time/threads:48",4800,0,91.3988,ms,,,,,,2.90481e+06,23.2385,100,-nan,16,2.90481e+06
"Fuse_23/FPR/102/1/1/1000000/10000000/0/iterations:100/manual_time/threads:48",4800,0,92.0503,ms,,,,,,2.93359e+06,23.4687,100,-nan,16,2.93359e+06
"Fuse_23/FPR/103/1/1/1000000/10000000/0/iterations:100/manual_time/threads:48",4800,0,92.8845,ms,,,,,,2.96162e+06,23.693,100,-nan,16,2.96162e+06
"Fuse_23/FPR/104/1/1/1000000/10000000/0/iterations:100/manual_time/threads:48",4800,0,93.6184,ms,,,,,,2.99002e+06,23.9202,100,-nan,16,2.99002e+06
"Fuse_23/FPR/105/1/1/1000000/10000000/0/iterations:100/manual_time/threads:48",4800,0,94.2725,ms,,,,,,3.01881e+06,24.1505,100,-nan,16,3.01881e+06
"Fuse_23/FPR/106/1/1/1000000/10000000/0/iterations:100/manual_time/threads:48",4800,0,95.0523,ms,,,,,,3.04796e+06,24.3837,100,-nan,16,3.04796e+06
"Fuse_23/FPR/107/1/1/1000000/10000000/0/iterations:100/manual_time/threads:48",4800,0,95.8129,ms,,,,,,3.07636e+06,24.6109,100,-nan,16,3.07636e+06
"Fuse_23/FPR/108/1/1/1000000/10000000/0/iterations:100/manual_time/threads:48",4800,0,96.8213,ms,,,,,,3.10514e+06,24.8412,100,-nan,16,3.10514e+06
"Fuse_24/FPR/100/1/1/1000000/10000000/0/iterations:100/manual_time/threads:48",4800,0,90.8259,ms,,,,,,3.0003e+06,24.0024,100,-nan,16,3.0003e+06
"Fuse_24/FPR/101/1/1/1000000/10000000/0/iterations:100/manual_time/threads:48",4800,0,91.534,ms,,,,,,3.0311e+06,24.2488,100,-nan,16,3.0311e+06
"Fuse_24/FPR/102/1/1/1000000/10000000/0/iterations:100/manual_time/threads:48",4800,0,92.238,ms,,,,,,3.06114e+06,24.4891,100,-nan,16,3.06114e+06
"Fuse_24/FPR/103/1/1/1000000/10000000/0/iterations:100/manual_time/threads:48",4800,0,92.8636,ms,,,,,,3.09038e+06,24.7231,100,-nan,16,3.09038e+06
"Fuse_24/FPR/104/1/1/1000000/10000000/0/iterations:100/manual_time/threads:48",4800,0,93.5486,ms,,,,,,3.12002e+06,24.9602,100,-nan,16,3.12002e+06
"Fuse_25/FPR/100/1/1/1000000/10000000/0/iterations:100/manual_time/threads:48",4800,0,90.381,ms,,,,,,3.12531e+06,25.0025,100,-nan,16,3.12531e+06
