name,iterations,real_time,cpu_time,time_unit,bytes_per_second,items_per_second,label,error_occurred,error_message,"DTLB-misses","ITLB-misses","L1D-misses","L1I-misses","LLC-misses","avg_size","bits","branch-misses","cycles","duration","failures","fpr","instructions","retries","size","task-clock"
"InitialiseData_8/Count/150/1/1/100000000/100000000/10/iterations:5/manual_time",5,5796.34,5791.82,ms,,,,,,9.48863e+07,18.5535,1.13238e+08,305679,1.4607e+08,1.5e+08,12,12608.9,2.51626e+10,5796.34,0,0.00413866,1.08097e+10,0,1.5e+08,5.7932e+09
"BloomBlocked_8/Count/150/1/1/100000000/100000000/10/iterations:5/manual_time",5,5796.34,5791.82,ms,,,,,,9.48863e+07,18.5535,1.13238e+08,305679,1.4607e+08,1.5e+08,12,12608.9,2.51626e+10,5796.34,0,0.00413866,1.08097e+10,0,1.5e+08,5.7932e+09
"BloomBlockedPartitioned_8/Count/150/1/128/100000000/100000000/10/iterations:5/manual_time",5,1714.75,1712.81,ms,,,,,,1.61716e+06,38.6085,2.31098e+08,424447,8.26343e+07,1.17191e+06,12.0003,3.90664e+06,7.33494e+09,1714.75,0,0.0041195,1.36754e+10,0,1.50004e+08,1.71402e+09
"BloomBlockedPartitioned_8/Count/150/1/256/100000000/100000000/10/iterations:5/manual_time",5,1640.47,1638.27,ms,,,,,,1.77209e+06,20.7936,3.05234e+08,433956,5.0196e+07,585971,12.0007,3.88262e+06,7.0002e+09,1640.47,0,0.00413464,1.36621e+10,0,1.50009e+08,1.63976e+09
"BloomBlockedPartitioned_8/Count/150/1/512/100000000/100000000/10/iterations:5/manual_time",5,1516.42,1514.45,ms,,,,,,2.14942e+06,34.5013,3.61066e+08,447270,2.24709e+07,293000,12.0013,3.89793e+06,6.45019e+09,1516.42,0,0.0041277,1.36992e+10,0,1.50016e+08,1.51573e+09
"BloomBlockedPartitioned_8/Count/150/1/1024/100000000/100000000/10/iterations:5/manual_time",5,1524.6,1522.24,ms,,,,,,3.10835e+06,21.6735,3.96999e+08,473650,3.16625e+07,146516,12.0026,3.93732e+06,6.49484e+09,1524.6,0,0.00415182,1.36802e+10,0,1.50033e+08,1.52392e+09
"BloomBlockedPartitioned_8/Count/150/1/2048/100000000/100000000/10/iterations:5/manual_time",5,1573.95,1571.85,ms,,,,,,4.38901e+06,16.659,4.24075e+08,593246,6.43342e+07,73274,12.0053,3.92308e+06,6.71131e+09,1573.95,0,0.00412466,1.36298e+10,0,1.50066e+08,1.57323e+09
"BloomBlockedPartitioned_8/Count/150/1/4096/100000000/100000000/10/iterations:5/manual_time",5,1608.93,1605.85,ms,,,,,,5.13162e+06,31.9112,4.11667e+08,704004,1.0756e+08,36653,12.0106,3.9864e+06,6.8604e+09,1608.93,0,0.00411791,1.36452e+10,0,1.50133e+08,1.60816e+09
"BloomBlockedPartitioned_8/Count/150/1/8192/100000000/100000000/10/iterations:5/manual_time",5,1681.26,1678.64,ms,,,,,,6.52496e+06,43.4291,4.79996e+08,680541,1.43685e+08,18342,12.0212,3.92426e+06,7.16453e+09,1681.26,0,0.00408337,1.36448e+10,0,1.50265e+08,1.68042e+09
"BloomBlockedPartitioned_8/Count/150/1/16384/100000000/100000000/10/iterations:5/manual_time",5,1822.97,1820.03,ms,,,,,,9.22473e+06,31.6155,4.89319e+08,760155,1.87664e+08,9187,12.0422,4.0192e+06,7.77145e+09,1822.97,0,0.00406152,1.36667e+10,0,1.50528e+08,1.82205e+09
"BloomBlockedPartitionedMT_8/Count/150/1/128/100000000/100000000/10/iterations:5/manual_time",5,1711.09,41.3776,ms,,,,,,1.69919e+06,62.473,2.69368e+08,491979,9.08681e+07,1.17191e+06,12.0003,4.24788e+06,7.34513e+09,1711.09,0,0.0041195,1.47446e+10,0,1.50004e+08,1.71021e+09
"BloomBlockedPartitionedMT_8/Count/150/2/128/100000000/100000000/10/iterations:5/manual_time",5,902.535,42.285,ms,,,,,,1.72177e+06,93.6782,2.69794e+08,500660,9.15757e+07,1.17191e+06,12.0003,4.37483e+06,7.43903e+09,902.535,0,0.0041195,1.47511e+10,0,1.50004e+08,1.74272e+09
"BloomBlockedPartitionedMT_8/Count/150/3/128/100000000/100000000/10/iterations:5/manual_time",5,635.112,40.2041,ms,,,,,,1.73456e+06,139.447,2.70706e+08,497619,9.17658e+07,1.17191e+06,12.0003,4.42985e+06,7.52838e+09,635.112,0,0.0041195,1.47531e+10,0,1.50004e+08,1.79829e+09
"BloomBlockedPartitionedMT_8/Count/150/4/128/100000000/100000000/10/iterations:5/manual_time",5,495.721,39.6195,ms,,,,,,1.76786e+06,90.4492,2.61951e+08,514744,9.06048e+07,1.17191e+06,12.0003,4.29969e+06,7.53811e+09,495.721,0,0.0041195,1.48087e+10,0,1.50004e+08,1.82578e+09
"BloomBlockedPartitionedMT_8/Count/150/5/128/100000000/100000000/10/iterations:5/manual_time",5,432.809,41.3774,ms,,,,,,1.67608e+06,191.871,2.4307e+08,490926,9.27531e+07,1.17191e+06,12.0003,4.63144e+06,7.83827e+09,432.809,0,0.0041195,1.47201e+10,0,1.50004e+08,1.91312e+09
"BloomBlockedPartitionedMT_8/Count/150/6/128/100000000/100000000/10/iterations:5/manual_time",5,379.789,42.0103,ms,,,,,,1.75612e+06,235.075,2.39033e+08,501540,9.77316e+07,1.17191e+06,12.0003,4.38048e+06,8.16467e+09,379.789,0,0.0041195,1.49017e+10,0,1.50004e+08,1.99651e+09
"BloomBlockedPartitionedMT_8/Count/150/7/128/100000000/100000000/10/iterations:5/manual_time",5,341.106,39.6453,ms,,,,,,1.74019e+06,160.542,2.43292e+08,513815,1.00808e+08,1.17191e+06,12.0003,4.11667e+06,8.5498e+09,341.106,0,0.0041195,1.47571e+10,0,1.50004e+08,2.06988e+09
"BloomBlockedPartitionedMT_8/Count/150/8/128/100000000/100000000/10/iterations:5/manual_time",5,317.295,42.2338,ms,,,,,,1.66447e+06,222.837,2.42241e+08,505473,1.03394e+08,1.17191e+06,12.0003,4.33426e+06,8.91168e+09,317.295,0,0.0041195,1.48256e+10,0,1.50004e+08,2.16875e+09
"BloomBlockedPartitionedMT_8/Count/150/9/128/100000000/100000000/10/iterations:5/manual_time",5,295.793,41.2963,ms,,,,,,1.63183e+06,205.862,2.40743e+08,497994,1.04403e+08,1.17191e+06,12.0003,4.35572e+06,9.16516e+09,295.793,0,0.0041195,1.47038e+10,0,1.50004e+08,2.23667e+09
"BloomBlockedPartitionedMT_8/Count/150/10/128/100000000/100000000/10/iterations:5/manual_time",5,280.289,41.3208,ms,,,,,,1.71147e+06,254.834,2.41914e+08,502999,1.0367e+08,1.17191e+06,12.0003,4.31988e+06,9.34788e+09,280.289,0,0.0041195,1.50376e+10,0,1.50004e+08,2.33199e+09
"BloomBlockedPartitionedMT_8/Count/150/11/128/100000000/100000000/10/iterations:5/manual_time",5,268.463,42.1756,ms,,,,,,1.71416e+06,205.909,2.41916e+08,520931,1.04959e+08,1.17191e+06,12.0003,4.1927e+06,9.57052e+09,268.463,0,0.0041195,1.4902e+10,0,1.50004e+08,2.40354e+09
"BloomBlockedPartitionedMT_8/Count/150/12/128/100000000/100000000/10/iterations:5/manual_time",5,255.214,41.3891,ms,,,,,,1.71453e+06,464.849,2.43673e+08,524021,1.04638e+08,1.17191e+06,12.0003,4.20719e+06,9.89168e+09,255.214,0,0.0041195,1.49336e+10,0,1.50004e+08,2.48583e+09
"BloomBlockedPartitionedMT_8/Count/150/13/128/100000000/100000000/10/iterations:5/manual_time",5,243.977,41.7619,ms,,,,,,1.72077e+06,433.818,2.44256e+08,533362,1.04506e+08,1.17191e+06,12.0003,4.10751e+06,1.02012e+10,243.977,0,0.0041195,1.50081e+10,0,1.50004e+08,2.55624e+09
"BloomBlockedPartitionedMT_8/Count/150/14/128/100000000/100000000/10/iterations:5/manual_time",5,239.05,41.3649,ms,,,,,,1.69166e+06,344.219,2.42327e+08,527538,1.07531e+08,1.17191e+06,12.0003,4.07011e+06,1.05936e+10,239.05,0,0.0041195,1.46395e+10,0,1.50004e+08,2.64779e+09
"BloomBlockedPartitionedMT_8/Count/150/15/128/100000000/100000000/10/iterations:5/manual_time",5,230.491,41.9174,ms,,,,,,1.66687e+06,473.135,2.41702e+08,521661,1.07551e+08,1.17191e+06,12.0003,4.1725e+06,1.10007e+10,230.491,0,0.0041195,1.44076e+10,0,1.50004e+08,2.74137e+09
"BloomBlockedPartitionedMT_8/Count/150/16/128/100000000/100000000/10/iterations:5/manual_time",5,217.98,38.9754,ms,,,,,,1.65623e+06,870.517,2.42202e+08,516109,1.07159e+08,1.17191e+06,12.0003,4.33134e+06,1.13796e+10,217.98,0,0.0041195,1.43189e+10,0,1.50004e+08,2.82139e+09
"BloomBlockedPartitionedMT_8/Count/150/17/128/100000000/100000000/10/iterations:5/manual_time",5,220.708,40.5042,ms,,,,,,1.70551e+06,1035.87,2.46193e+08,544448,1.07927e+08,1.17191e+06,12.0003,4.33454e+06,1.1935e+10,220.708,0,0.0041195,1.44165e+10,0,1.50004e+08,2.97263e+09
"BloomBlockedPartitionedMT_8/Count/150/18/128/100000000/100000000/10/iterations:5/manual_time",5,219.681,39.9544,ms,,,,,,1.75198e+06,870.502,2.50088e+08,548257,1.0834e+08,1.17191e+06,12.0003,4.45229e+06,1.25388e+10,219.681,0,0.0041195,1.45524e+10,0,1.50004e+08,3.12021e+09
"BloomBlockedPartitionedMT_8/Count/150/19/128/100000000/100000000/10/iterations:5/manual_time",5,220.69,40.0754,ms,,,,,,1.82453e+06,942.88,2.5521e+08,582834,1.08333e+08,1.17191e+06,12.0003,4.30499e+06,1.31568e+10,220.69,0,0.0041195,1.47055e+10,0,1.50004e+08,3.26596e+09
"BloomBlockedPartitionedMT_8/Count/150/20/128/100000000/100000000/10/iterations:5/manual_time",5,221.296,40.8584,ms,,,,,,1.90184e+06,971.682,2.57107e+08,643033,1.10254e+08,1.17191e+06,12.0003,4.2404e+06,1.38962e+10,221.296,0,0.0041195,1.47414e+10,0,1.50004e+08,3.42738e+09
"BloomBlockedPartitionedMT_8/Count/150/21/128/100000000/100000000/10/iterations:5/manual_time",5,224.651,42.3847,ms,,,,,,1.87119e+06,1159.01,2.55516e+08,623298,1.10756e+08,1.17191e+06,12.0003,4.25536e+06,1.44937e+10,224.651,0,0.0041195,1.46661e+10,0,1.50004e+08,3.58411e+09
"BloomBlockedPartitionedMT_8/Count/150/22/128/100000000/100000000/10/iterations:5/manual_time",5,222.025,42.1628,ms,,,,,,1.90115e+06,917.966,2.56326e+08,639540,1.12245e+08,1.17191e+06,12.0003,4.30146e+06,1.5282e+10,222.025,0,0.0041195,1.46972e+10,0,1.50004e+08,3.77075e+09
"BloomBlockedPartitionedMT_8/Count/150/23/128/100000000/100000000/10/iterations:5/manual_time",5,224.648,42.2175,ms,,,,,,1.91231e+06,1078.31,2.58258e+08,655819,1.13567e+08,1.17191e+06,12.0003,4.37047e+06,1.58455e+10,224.648,0,0.0041195,1.46115e+10,0,1.50004e+08,3.91621e+09
"BloomBlockedPartitionedMT_8/Count/150/24/128/100000000/100000000/10/iterations:5/manual_time",5,225.491,42.53,ms,,,,,,1.90707e+06,1025.34,2.56859e+08,682655,1.13534e+08,1.17191e+06,12.0003,4.3476e+06,1.63173e+10,225.491,0,0.0041195,1.47591e+10,0,1.50004e+08,4.0365e+09
"BloomBlockedPartitionedMT_8/Count/150/25/128/100000000/100000000/10/iterations:5/manual_time",5,224.139,42.0558,ms,,,,,,1.96408e+06,759.943,2.62371e+08,693042,1.14125e+08,1.17191e+06,12.0003,4.29059e+06,1.70622e+10,224.139,0,0.0041195,1.46195e+10,0,1.50004e+08,4.20572e+09
"BloomBlockedPartitionedMT_8/Count/150/26/128/100000000/100000000/10/iterations:5/manual_time",5,222.777,42.5489,ms,,,,,,2.0061e+06,1062.21,2.61868e+08,712654,1.15944e+08,1.17191e+06,12.0003,4.33882e+06,1.74931e+10,222.777,0,0.0041195,1.46491e+10,0,1.50004e+08,4.3238e+09
"BloomBlockedPartitionedMT_8/Count/150/27/128/100000000/100000000/10/iterations:5/manual_time",5,222.864,41.7743,ms,,,,,,2.0542e+06,1149.53,2.63929e+08,724895,1.15951e+08,1.17191e+06,12.0003,4.34762e+06,1.81488e+10,222.864,0,0.0041195,1.47927e+10,0,1.50004e+08,4.46741e+09
"BloomBlockedPartitionedMT_8/Count/150/28/128/100000000/100000000/10/iterations:5/manual_time",5,223.569,43.3324,ms,,,,,,2.10628e+06,980.416,2.64208e+08,756651,1.16729e+08,1.17191e+06,12.0003,4.36611e+06,1.87386e+10,223.569,0,0.0041195,1.48108e+10,0,1.50004e+08,4.62104e+09
"BloomBlockedPartitionedMT_8/Count/150/29/128/100000000/100000000/10/iterations:5/manual_time",5,223.848,42.6068,ms,,,,,,2.1492e+06,1399.03,2.64493e+08,756142,1.1654e+08,1.17191e+06,12.0003,4.36318e+06,1.94056e+10,223.848,0,0.0041195,1.49717e+10,0,1.50004e+08,4.79143e+09
"BloomBlockedPartitionedMT_8/Count/150/30/128/100000000/100000000/10/iterations:5/manual_time",5,224.363,42.4298,ms,,,,,,2.18425e+06,1259.88,2.66651e+08,781590,1.17312e+08,1.17191e+06,12.0003,4.41466e+06,2.0018e+10,224.363,0,0.0041195,1.50327e+10,0,1.50004e+08,4.9639e+09
"BloomBlockedPartitionedMT_8/Count/150/31/128/100000000/100000000/10/iterations:5/manual_time",5,220.465,40.8625,ms,,,,,,2.20973e+06,1676.03,2.68e+08,796651,1.16921e+08,1.17191e+06,12.0003,4.42893e+06,2.10946e+10,220.465,0,0.0041195,1.5099e+10,0,1.50004e+08,5.20265e+09
"BloomBlockedPartitionedMT_8/Count/150/32/128/100000000/100000000/10/iterations:5/manual_time",5,216.299,41.7463,ms,,,,,,2.26895e+06,1589.5,2.74296e+08,841370,1.16473e+08,1.17191e+06,12.0003,4.43472e+06,2.17247e+10,216.299,0,0.0041195,1.54183e+10,0,1.50004e+08,5.37399e+09
"BloomBlockedPartitionedMT_8/Count/150/1/256/100000000/100000000/10/iterations:5/manual_time",5,1622.05,41.0478,ms,,,,,,1.90051e+06,64.4352,3.40181e+08,522759,6.28576e+07,585971,12.0007,4.29191e+06,7.01536e+09,1622.05,0,0.00413464,1.47417e+10,0,1.50009e+08,1.62122e+09
"BloomBlockedPartitionedMT_8/Count/150/2/256/100000000/100000000/10/iterations:5/manual_time",5,859.27,40.2248,ms,,,,,,1.93145e+06,152.738,3.40319e+08,522516,6.41606e+07,585971,12.0007,4.33536e+06,7.14497e+09,859.27,0,0.00413464,1.47505e+10,0,1.50009e+08,1.66048e+09
"BloomBlockedPartitionedMT_8/Count/150/3/256/100000000/100000000/10/iterations:5/manual_time",5,612.754,40.1961,ms,,,,,,1.90953e+06,146.276,3.42477e+08,514441,6.58317e+07,585971,12.0007,4.45191e+06,7.26214e+09,612.754,0,0.00413464,1.47823e+10,0,1.50009e+08,1.72624e+09
"BloomBlockedPartitionedMT_8/Count/150/4/256/100000000/100000000/10/iterations:5/manual_time",5,477.313,41.2568,ms,,,,,,1.89159e+06,163.359,3.23116e+08,510584,6.39226e+07,585971,12.0007,4.47838e+06,7.30427e+09,477.313,0,0.00413464,1.47964e+10,0,1.50009e+08,1.75111e+09
"BloomBlockedPartitionedMT_8/Count/150/5/256/100000000/100000000/10/iterations:5/manual_time",5,417.646,43.2366,ms,,,,,,1.84529e+06,202.434,2.80431e+08,493003,6.53872e+07,585971,12.0007,4.60291e+06,7.60133e+09,417.646,0,0.00413464,1.4808e+10,0,1.50009e+08,1.83787e+09
"BloomBlockedPartitionedMT_8/Count/150/6/256/100000000/100000000/10/iterations:5/manual_time",5,366.626,41.3761,ms,,,,,,1.889e+06,202.427,2.72199e+08,495010,7.04886e+07,585971,12.0007,4.46513e+06,7.93524e+09,366.626,0,0.00413464,1.4818e+10,0,1.50009e+08,1.93401e+09
"BloomBlockedPartitionedMT_8/Count/150/7/256/100000000/100000000/10/iterations:5/manual_time",5,328.176,41.2801,ms,,,,,,1.87513e+06,185.884,2.77348e+08,516287,7.1365e+07,585971,12.0007,4.08703e+06,8.24554e+09,328.176,0,0.00413464,1.46028e+10,0,1.50009e+08,1.98953e+09
"BloomBlockedPartitionedMT_8/Count/150/8/256/100000000/100000000/10/iterations:5/manual_time",5,307.479,42.177,ms,,,,,,1.82572e+06,127.388,2.77278e+08,510035,7.38621e+07,585971,12.0007,4.14101e+06,8.68595e+09,307.479,0,0.00413464,1.47798e+10,0,1.50009e+08,2.10035e+09
"BloomBlockedPartitionedMT_8/Count/150/9/256/100000000/100000000/10/iterations:5/manual_time",5,288.442,41.8995,ms,,,,,,1.7549e+06,325.95,2.76538e+08,492666,7.51002e+07,585971,12.0007,4.41544e+06,8.98369e+09,288.442,0,0.00413464,1.46454e+10,0,1.50009e+08,2.18492e+09
"BloomBlockedPartitionedMT_8/Count/150/10/256/100000000/100000000/10/iterations:5/manual_time",5,269.338,42.3222,ms,,,,,,1.81127e+06,164.491,2.76016e+08,497049,7.49157e+07,585971,12.0007,4.31832e+06,9.15981e+09,269.338,0,0.00413464,1.49309e+10,0,1.50009e+08,2.24168e+09
"BloomBlockedPartitionedMT_8/Count/150/11/256/100000000/100000000/10/iterations:5/manual_time",5,259.234,41.9204,ms,,,,,,1.80685e+06,358.291,2.74507e+08,490185,7.54459e+07,585971,12.0007,4.41094e+06,9.36159e+09,259.234,0,0.00413464,1.48096e+10,0,1.50009e+08,2.34456e+09
"BloomBlockedPartitionedMT_8/Count/150/12/256/100000000/100000000/10/iterations:5/manual_time",5,247.822,42.5988,ms,,,,,,1.83708e+06,578.114,2.78826e+08,506828,7.43577e+07,585971,12.0007,4.33315e+06,9.75723e+09,247.822,0,0.00413464,1.52803e+10,0,1.50009e+08,2.42264e+09
"BloomBlockedPartitionedMT_8/Count/150/13/256/100000000/100000000/10/iterations:5/manual_time",5,234.455,39.2846,ms,,,,,,1.84761e+06,335.655,2.76429e+08,524509,7.48982e+07,585971,12.0007,4.12068e+06,1.00572e+10,234.455,0,0.00413464,1.50302e+10,0,1.50009e+08,2.48758e+09
"BloomBlockedPartitionedMT_8/Count/150/14/256/100000000/100000000/10/iterations:5/manual_time",5,227.042,39.698,ms,,,,,,1.77398e+06,488.323,2.73511e+08,496220,7.67801e+07,585971,12.0007,4.2116e+06,1.03941e+10,227.042,0,0.00413464,1.44009e+10,0,1.50009e+08,2.57729e+09
"BloomBlockedPartitionedMT_8/Count/150/15/256/100000000/100000000/10/iterations:5/manual_time",5,222.958,39.9722,ms,,,,,,1.78568e+06,917.801,2.76888e+08,508530,7.54302e+07,585971,12.0007,4.27145e+06,1.08928e+10,222.958,0,0.00413464,1.45889e+10,0,1.50009e+08,2.68152e+09
"BloomBlockedPartitionedMT_8/Count/150/16/256/100000000/100000000/10/iterations:5/manual_time",5,218.694,40.4991,ms,,,,,,1.79817e+06,863.837,2.78744e+08,509755,7.4987e+07,585971,12.0007,4.29345e+06,1.12566e+10,218.694,0,0.00413464,1.47504e+10,0,1.50009e+08,2.79115e+09
"BloomBlockedPartitionedMT_8/Count/150/17/256/100000000/100000000/10/iterations:5/manual_time",5,217.736,39.7463,ms,,,,,,1.88343e+06,934.389,2.82928e+08,529424,7.7671e+07,585971,12.0007,4.29796e+06,1.17799e+10,217.736,0,0.00413464,1.47879e+10,0,1.50009e+08,2.93617e+09
"BloomBlockedPartitionedMT_8/Count/150/18/256/100000000/100000000/10/iterations:5/manual_time",5,223.955,42.6239,ms,,,,,,1.97046e+06,733.634,2.86629e+08,544694,8.1583e+07,585971,12.0007,4.3679e+06,1.247e+10,223.955,0,0.00413464,1.48595e+10,0,1.50009e+08,3.1314e+09
"BloomBlockedPartitionedMT_8/Count/150/19/256/100000000/100000000/10/iterations:5/manual_time",5,221.668,39.9194,ms,,,,,,2.00607e+06,863.186,2.86344e+08,556615,8.39386e+07,585971,12.0007,4.38552e+06,1.31349e+10,221.668,0,0.00413464,1.48978e+10,0,1.50009e+08,3.27041e+09
"BloomBlockedPartitionedMT_8/Count/150/20/256/100000000/100000000/10/iterations:5/manual_time",5,220.56,40.2982,ms,,,,,,2.05012e+06,1448.49,2.87189e+08,601518,8.54355e+07,585971,12.0007,4.45596e+06,1.38682e+10,220.56,0,0.00413464,1.48554e+10,0,1.50009e+08,3.46559e+09
"BloomBlockedPartitionedMT_8/Count/150/21/256/100000000/100000000/10/iterations:5/manual_time",5,221.693,42.5321,ms,,,,,,2.09829e+06,1139.54,2.89817e+08,609678,8.76498e+07,585971,12.0007,4.46778e+06,1.48143e+10,221.693,0,0.00413464,1.50653e+10,0,1.50009e+08,3.65243e+09
"BloomBlockedPartitionedMT_8/Count/150/22/256/100000000/100000000/10/iterations:5/manual_time",5,222.007,39.4421,ms,,,,,,2.16458e+06,1122.82,2.88387e+08,612489,9.12171e+07,585971,12.0007,4.53137e+06,1.54529e+10,222.007,0,0.00413464,1.50624e+10,0,1.50009e+08,3.84304e+09
"BloomBlockedPartitionedMT_8/Count/150/23/256/100000000/100000000/10/iterations:5/manual_time",5,221.31,40.2212,ms,,,,,,2.15391e+06,1019.18,2.90364e+08,624514,9.24988e+07,585971,12.0007,4.57374e+06,1.59509e+10,221.31,0,0.00413464,1.50735e+10,0,1.50009e+08,3.99064e+09
"BloomBlockedPartitionedMT_8/Count/150/24/256/100000000/100000000/10/iterations:5/manual_time",5,222.215,41.3462,ms,,,,,,2.16774e+06,1444.37,2.92033e+08,648088,9.37614e+07,585971,12.0007,4.54581e+06,1.67771e+10,222.215,0,0.00413464,1.4929e+10,0,1.50009e+08,4.18873e+09
"BloomBlockedPartitionedMT_8/Count/150/25/256/100000000/100000000/10/iterations:5/manual_time",5,224.834,41.3376,ms,,,,,,2.24752e+06,1429.39,2.95334e+08,659800,9.60386e+07,585971,12.0007,4.56405e+06,1.74026e+10,224.834,0,0.00413464,1.49798e+10,0,1.50009e+08,4.37596e+09
"BloomBlockedPartitionedMT_8/Count/150/26/256/100000000/100000000/10/iterations:5/manual_time",5,226.476,41.663,ms,,,,,,2.27898e+06,1343.16,2.96067e+08,678727,9.87059e+07,585971,12.0007,4.68702e+06,1.79571e+10,226.476,0,0.00413464,1.51405e+10,0,1.50009e+08,4.53081e+09
"BloomBlockedPartitionedMT_8/Count/150/27/256/100000000/100000000/10/iterations:5/manual_time",5,223.07,42.2626,ms,,,,,,2.30013e+06,1434.54,2.96337e+08,679302,1.01158e+08,585971,12.0007,4.68952e+06,1.88209e+10,223.07,0,0.00413464,1.51117e+10,0,1.50009e+08,4.6682e+09
"BloomBlockedPartitionedMT_8/Count/150/28/256/100000000/100000000/10/iterations:5/manual_time",5,225.73,41.6149,ms,,,,,,2.3454e+06,1692.5,2.99961e+08,717178,1.02745e+08,585971,12.0007,4.70574e+06,1.97673e+10,225.73,0,0.00413464,1.50785e+10,0,1.50009e+08,4.88134e+09
"BloomBlockedPartitionedMT_8/Count/150/29/256/100000000/100000000/10/iterations:5/manual_time",5,226.397,41.9876,ms,,,,,,2.35763e+06,1329.19,3.00327e+08,718306,1.05554e+08,585971,12.0007,4.74516e+06,2.04201e+10,226.397,0,0.00413464,1.4878e+10,0,1.50009e+08,5.05129e+09
"BloomBlockedPartitionedMT_8/Count/150/30/256/100000000/100000000/10/iterations:5/manual_time",5,228.6,42.9203,ms,,,,,,2.38774e+06,1832.33,3.05644e+08,734410,1.06742e+08,585971,12.0007,4.71622e+06,2.12582e+10,228.6,0,0.00413464,1.48511e+10,0,1.50009e+08,5.27792e+09
"BloomBlockedPartitionedMT_8/Count/150/31/256/100000000/100000000/10/iterations:5/manual_time",5,229.009,43.064,ms,,,,,,2.41364e+06,1717.49,3.06567e+08,755827,1.08531e+08,585971,12.0007,4.77258e+06,2.24398e+10,229.009,0,0.00413464,1.45702e+10,0,1.50009e+08,5.52317e+09
"BloomBlockedPartitionedMT_8/Count/150/32/256/100000000/100000000/10/iterations:5/manual_time",5,225.744,42.2512,ms,,,,,,2.4493e+06,1579,3.05577e+08,770042,1.11211e+08,585971,12.0007,4.81684e+06,2.30959e+10,225.744,0,0.00413464,1.4309e+10,0,1.50009e+08,5.70777e+09
"BloomBlockedPartitionedMT_8/Count/150/1/512/100000000/100000000/10/iterations:5/manual_time",5,1537.78,41.6345,ms,,,,,,2.29579e+06,60.3064,3.97544e+08,507856,4.24322e+07,293000,12.0013,4.26352e+06,6.65734e+09,1537.78,0,0.0041277,1.47385e+10,0,1.50016e+08,1.53703e+09
"BloomBlockedPartitionedMT_8/Count/150/2/512/100000000/100000000/10/iterations:5/manual_time",5,821.549,41.5735,ms,,,,,,2.30894e+06,134.397,3.95668e+08,537479,4.67611e+07,293000,12.0013,4.45808e+06,6.84195e+09,821.549,0,0.0041277,1.47534e+10,0,1.50016e+08,1.59123e+09
"BloomBlockedPartitionedMT_8/Count/150/3/512/100000000/100000000/10/iterations:5/manual_time",5,584.467,42.1778,ms,,,,,,2.33768e+06,109.893,3.92256e+08,518782,4.81636e+07,293000,12.0013,4.52172e+06,6.9403e+09,584.467,0,0.0041277,1.47646e+10,0,1.50016e+08,1.65193e+09
"BloomBlockedPartitionedMT_8/Count/150/4/512/100000000/100000000/10/iterations:5/manual_time",5,463.803,40.3626,ms,,,,,,2.24734e+06,108.864,3.47825e+08,520843,4.43527e+07,293000,12.0013,4.36006e+06,7.10632e+09,463.803,0,0.0041277,1.47323e+10,0,1.50016e+08,1.70305e+09
"BloomBlockedPartitionedMT_8/Count/150/5/512/100000000/100000000/10/iterations:5/manual_time",5,406.383,40.2009,ms,,,,,,2.25689e+06,192.723,3.18357e+08,491406,4.55318e+07,293000,12.0013,4.49142e+06,7.49502e+09,406.383,0,0.0041277,1.48333e+10,0,1.50016e+08,1.81392e+09
"BloomBlockedPartitionedMT_8/Count/150/6/512/100000000/100000000/10/iterations:5/manual_time",5,359.683,39.1863,ms,,,,,,2.17863e+06,256.768,3.14761e+08,492374,4.94123e+07,293000,12.0013,4.54915e+06,7.95033e+09,359.683,0,0.0041277,1.46537e+10,0,1.50016e+08,1.90496e+09
"BloomBlockedPartitionedMT_8/Count/150/7/512/100000000/100000000/10/iterations:5/manual_time",5,329.2,39.0263,ms,,,,,,2.23238e+06,129.552,3.1416e+08,489062,5.13886e+07,293000,12.0013,4.44396e+06,8.3435e+09,329.2,0,0.0041277,1.48012e+10,0,1.50016e+08,2.009e+09
"BloomBlockedPartitionedMT_8/Count/150/8/512/100000000/100000000/10/iterations:5/manual_time",5,311.034,41.0527,ms,,,,,,2.23745e+06,216.668,3.14018e+08,498328,5.26008e+07,293000,12.0013,4.35684e+06,8.87525e+09,311.034,0,0.0041277,1.50806e+10,0,1.50016e+08,2.14895e+09
"BloomBlockedPartitionedMT_8/Count/150/9/512/100000000/100000000/10/iterations:5/manual_time",5,290.791,42.4457,ms,,,,,,2.23524e+06,293.083,3.14733e+08,530148,5.01113e+07,293000,12.0013,4.12581e+06,9.06516e+09,290.791,0,0.0041277,1.48242e+10,0,1.50016e+08,2.21571e+09
"BloomBlockedPartitionedMT_8/Count/150/10/512/100000000/100000000/10/iterations:5/manual_time",5,273.794,41.61,ms,,,,,,2.16424e+06,252.143,3.20641e+08,516237,4.92009e+07,293000,12.0013,4.1358e+06,9.34937e+09,273.794,0,0.0041277,1.4768e+10,0,1.50016e+08,2.2926e+09
"BloomBlockedPartitionedMT_8/Count/150/11/512/100000000/100000000/10/iterations:5/manual_time",5,263.397,41.602,ms,,,,,,2.0672e+06,298.631,3.20251e+08,497309,4.93366e+07,293000,12.0013,4.32231e+06,9.78169e+09,263.397,0,0.0041277,1.43496e+10,0,1.50016e+08,2.39995e+09
"BloomBlockedPartitionedMT_8/Count/150/12/512/100000000/100000000/10/iterations:5/manual_time",5,253.805,41.5,ms,,,,,,2.04665e+06,495.029,3.22389e+08,495162,5.06348e+07,293000,12.0013,4.45931e+06,1.02205e+10,253.805,0,0.0041277,1.43488e+10,0,1.50016e+08,2.50947e+09
"BloomBlockedPartitionedMT_8/Count/150/13/512/100000000/100000000/10/iterations:5/manual_time",5,244.183,40.1237,ms,,,,,,2.07082e+06,515.955,3.21337e+08,477190,5.21668e+07,293000,12.0013,4.56287e+06,1.04522e+10,244.183,0,0.0041277,1.49926e+10,0,1.50016e+08,2.59479e+09
"BloomBlockedPartitionedMT_8/Count/150/14/512/100000000/100000000/10/iterations:5/manual_time",5,236.501,39.6459,ms,,,,,,2.08292e+06,325.513,3.19914e+08,492856,5.09865e+07,293000,12.0013,4.45426e+06,1.08548e+10,236.501,0,0.0041277,1.47804e+10,0,1.50016e+08,2.68952e+09
"BloomBlockedPartitionedMT_8/Count/150/15/512/100000000/100000000/10/iterations:5/manual_time",5,230.194,40.4358,ms,,,,,,2.07718e+06,482.025,3.14534e+08,477170,5.30115e+07,293000,12.0013,4.58582e+06,1.12746e+10,230.194,0,0.0041277,1.46582e+10,0,1.50016e+08,2.80026e+09
"BloomBlockedPartitionedMT_8/Count/150/16/512/100000000/100000000/10/iterations:5/manual_time",5,225.036,39.3413,ms,,,,,,2.04949e+06,589.404,3.11799e+08,482894,5.18369e+07,293000,12.0013,4.60964e+06,1.19138e+10,225.036,0,0.0041277,1.42806e+10,0,1.50016e+08,2.94207e+09
"BloomBlockedPartitionedMT_8/Count/150/17/512/100000000/100000000/10/iterations:5/manual_time",5,229.454,40.6521,ms,,,,,,2.21563e+06,889.419,3.20176e+08,486531,5.59108e+07,293000,12.0013,4.6046e+06,1.26236e+10,229.454,0,0.0041277,1.43669e+10,0,1.50016e+08,3.11897e+09
"BloomBlockedPartitionedMT_8/Count/150/18/512/100000000/100000000/10/iterations:5/manual_time",5,230.775,38.775,ms,,,,,,2.36582e+06,712.238,3.27035e+08,513439,5.86e+07,293000,12.0013,4.53807e+06,1.31615e+10,230.775,0,0.0041277,1.44037e+10,0,1.50016e+08,3.30962e+09
"BloomBlockedPartitionedMT_8/Count/150/19/512/100000000/100000000/10/iterations:5/manual_time",5,232.005,40.8102,ms,,,,,,2.41453e+06,674.413,3.29881e+08,544028,6.14026e+07,293000,12.0013,4.61257e+06,1.38469e+10,232.005,0,0.0041277,1.44326e+10,0,1.50016e+08,3.46637e+09
"BloomBlockedPartitionedMT_8/Count/150/20/512/100000000/100000000/10/iterations:5/manual_time",5,231.443,40.3409,ms,,,,,,2.52088e+06,839.594,3.21674e+08,580011,6.20601e+07,293000,12.0013,4.44002e+06,1.4859e+10,231.443,0,0.0041277,1.41518e+10,0,1.50016e+08,3.68339e+09
"BloomBlockedPartitionedMT_8/Count/150/21/512/100000000/100000000/10/iterations:5/manual_time",5,229.894,38.8424,ms,,,,,,2.60283e+06,591.55,3.23286e+08,577496,6.61426e+07,293000,12.0013,4.49186e+06,1.59075e+10,229.894,0,0.0041277,1.40249e+10,0,1.50016e+08,3.90618e+09
"BloomBlockedPartitionedMT_8/Count/150/22/512/100000000/100000000/10/iterations:5/manual_time",5,232.697,40.3977,ms,,,,,,2.7183e+06,664.536,3.29567e+08,598101,6.84949e+07,293000,12.0013,4.53052e+06,1.65554e+10,232.697,0,0.0041277,1.42647e+10,0,1.50016e+08,4.10628e+09
"BloomBlockedPartitionedMT_8/Count/150/23/512/100000000/100000000/10/iterations:5/manual_time",5,232.839,38.8478,ms,,,,,,2.77593e+06,654.372,3.24944e+08,623293,7.00765e+07,293000,12.0013,4.48931e+06,1.72677e+10,232.839,0,0.0041277,1.411e+10,0,1.50016e+08,4.26681e+09
"BloomBlockedPartitionedMT_8/Count/150/24/512/100000000/100000000/10/iterations:5/manual_time",5,234.548,41.2829,ms,,,,,,2.79825e+06,917.401,3.19614e+08,633367,7.30257e+07,293000,12.0013,4.46275e+06,1.79948e+10,234.548,0,0.0041277,1.39509e+10,0,1.50016e+08,4.4566e+09
"BloomBlockedPartitionedMT_8/Count/150/25/512/100000000/100000000/10/iterations:5/manual_time",5,236.043,41.1584,ms,,,,,,2.99598e+06,751.02,3.28039e+08,666806,7.59541e+07,293000,12.0013,4.29029e+06,1.8917e+10,236.043,0,0.0041277,1.43995e+10,0,1.50016e+08,4.66597e+09
"BloomBlockedPartitionedMT_8/Count/150/26/512/100000000/100000000/10/iterations:5/manual_time",5,233.087,41.3466,ms,,,,,,3.08949e+06,1149.32,3.3099e+08,680507,7.74634e+07,293000,12.0013,4.26593e+06,1.95792e+10,233.087,0,0.0041277,1.42892e+10,0,1.50016e+08,4.79489e+09
"BloomBlockedPartitionedMT_8/Count/150/27/512/100000000/100000000/10/iterations:5/manual_time",5,234,40.7495,ms,,,,,,3.18867e+06,1088.42,3.30807e+08,701736,7.9466e+07,293000,12.0013,4.27084e+06,2.0385e+10,234,0,0.0041277,1.43225e+10,0,1.50016e+08,4.99704e+09
"BloomBlockedPartitionedMT_8/Count/150/28/512/100000000/100000000/10/iterations:5/manual_time",5,233.798,41.1454,ms,,,,,,3.28954e+06,1313.75,3.37006e+08,753560,8.06517e+07,293000,12.0013,4.22577e+06,2.10561e+10,233.798,0,0.0041277,1.43513e+10,0,1.50016e+08,5.17263e+09
"BloomBlockedPartitionedMT_8/Count/150/29/512/100000000/100000000/10/iterations:5/manual_time",5,237.474,40.4809,ms,,,,,,3.46953e+06,963.811,3.35081e+08,746406,8.50915e+07,293000,12.0013,4.31094e+06,2.20547e+10,237.474,0,0.0041277,1.44538e+10,0,1.50016e+08,5.43747e+09
"BloomBlockedPartitionedMT_8/Count/150/30/512/100000000/100000000/10/iterations:5/manual_time",5,236.198,41.6118,ms,,,,,,3.5234e+06,1160.63,3.38503e+08,760900,8.69691e+07,293000,12.0013,4.24927e+06,2.30292e+10,236.198,0,0.0041277,1.46621e+10,0,1.50016e+08,5.67031e+09
"BloomBlockedPartitionedMT_8/Count/150/31/512/100000000/100000000/10/iterations:5/manual_time",5,239.131,41.6712,ms,,,,,,3.62247e+06,1139.43,3.43712e+08,785227,8.74989e+07,293000,12.0013,4.30398e+06,2.41824e+10,239.131,0,0.0041277,1.50517e+10,0,1.50016e+08,5.93539e+09
"BloomBlockedPartitionedMT_8/Count/150/32/512/100000000/100000000/10/iterations:5/manual_time",5,238.18,41.7949,ms,,,,,,3.73917e+06,1583.51,3.40337e+08,812621,8.89133e+07,293000,12.0013,4.32934e+06,2.52893e+10,238.18,0,0.0041277,1.55537e+10,0,1.50016e+08,6.17617e+09
"BloomBlockedPartitionedMT_8/Count/150/1/1024/100000000/100000000/10/iterations:5/manual_time",5,1590.82,40.0343,ms,,,,,,3.35156e+06,57.0368,4.36736e+08,559196,6.53696e+07,146516,12.0026,4.29823e+06,6.96796e+09,1590.82,0,0.00415182,1.47658e+10,0,1.50033e+08,1.59001e+09
"BloomBlockedPartitionedMT_8/Count/150/2/1024/100000000/100000000/10/iterations:5/manual_time",5,842.818,42.0033,ms,,,,,,3.36657e+06,95.6418,4.37317e+08,593834,6.82053e+07,146516,12.0026,4.3535e+06,6.99073e+09,842.818,0,0.00415182,1.4741e+10,0,1.50033e+08,1.62279e+09
"BloomBlockedPartitionedMT_8/Count/150/3/1024/100000000/100000000/10/iterations:5/manual_time",5,605.827,41.4589,ms,,,,,,3.35865e+06,177.774,4.32902e+08,569448,6.78358e+07,146516,12.0026,4.4619e+06,7.13157e+09,605.827,0,0.00415182,1.47501e+10,0,1.50033e+08,1.69099e+09
"BloomBlockedPartitionedMT_8/Count/150/4/1024/100000000/100000000/10/iterations:5/manual_time",5,486.376,40.7598,ms,,,,,,3.23791e+06,149.876,3.66899e+08,530343,5.78874e+07,146516,12.0026,4.42623e+06,7.34927e+09,486.376,0,0.00415182,1.48291e+10,0,1.50033e+08,1.75877e+09
"BloomBlockedPartitionedMT_8/Count/150/5/1024/100000000/100000000/10/iterations:5/manual_time",5,421.506,41.9151,ms,,,,,,3.14014e+06,236.947,3.56742e+08,514474,5.95133e+07,146516,12.0026,4.62741e+06,7.77095e+09,421.506,0,0.00415182,1.47863e+10,0,1.50033e+08,1.8688e+09
"BloomBlockedPartitionedMT_8/Count/150/6/1024/100000000/100000000/10/iterations:5/manual_time",5,376.108,40.4588,ms,,,,,,3.2367e+06,223.933,3.51763e+08,520320,6.36e+07,146516,12.0026,4.46825e+06,8.18734e+09,376.108,0,0.00415182,1.49403e+10,0,1.50033e+08,1.98797e+09
"BloomBlockedPartitionedMT_8/Count/150/7/1024/100000000/100000000/10/iterations:5/manual_time",5,342.365,40.5104,ms,,,,,,3.18165e+06,287.74,3.55681e+08,511854,6.5141e+07,146516,12.0026,4.27142e+06,8.75228e+09,342.365,0,0.00415182,1.49602e+10,0,1.50033e+08,2.1044e+09
"BloomBlockedPartitionedMT_8/Count/150/8/1024/100000000/100000000/10/iterations:5/manual_time",5,319.501,41.653,ms,,,,,,3.09679e+06,230.286,3.54419e+08,502532,6.4801e+07,146516,12.0026,4.41441e+06,9.23266e+09,319.501,0,0.00415182,1.44863e+10,0,1.50033e+08,2.21304e+09
"BloomBlockedPartitionedMT_8/Count/150/9/1024/100000000/100000000/10/iterations:5/manual_time",5,298.817,40.9848,ms,,,,,,3.22638e+06,189.066,3.53848e+08,536633,6.55383e+07,146516,12.0026,4.4072e+06,9.4032e+09,298.817,0,0.00415182,1.48898e+10,0,1.50033e+08,2.28825e+09
"BloomBlockedPartitionedMT_8/Count/150/10/1024/100000000/100000000/10/iterations:5/manual_time",5,283.306,40.0583,ms,,,,,,3.24845e+06,362.239,3.53883e+08,559867,6.36157e+07,146516,12.0026,4.34587e+06,9.74284e+09,283.306,0,0.00415182,1.50356e+10,0,1.50033e+08,2.38457e+09
"BloomBlockedPartitionedMT_8/Count/150/11/1024/100000000/100000000/10/iterations:5/manual_time",5,273.924,40.7613,ms,,,,,,3.25082e+06,431.993,3.54658e+08,574953,6.16039e+07,146516,12.0026,4.20732e+06,1.01949e+10,273.924,0,0.00415182,1.50133e+10,0,1.50033e+08,2.5174e+09
"BloomBlockedPartitionedMT_8/Count/150/12/1024/100000000/100000000/10/iterations:5/manual_time",5,265.913,41.5696,ms,,,,,,3.22629e+06,250.505,3.50318e+08,575518,6.08084e+07,146516,12.0026,4.21186e+06,1.07175e+10,265.913,0,0.00415182,1.48093e+10,0,1.50033e+08,2.64216e+09
"BloomBlockedPartitionedMT_8/Count/150/13/1024/100000000/100000000/10/iterations:5/manual_time",5,257.722,42.6145,ms,,,,,,3.14533e+06,670.982,3.54201e+08,562112,5.97168e+07,146516,12.0026,4.17123e+06,1.09993e+10,257.722,0,0.00415182,1.45056e+10,0,1.50033e+08,2.73419e+09
"BloomBlockedPartitionedMT_8/Count/150/14/1024/100000000/100000000/10/iterations:5/manual_time",5,251.917,42.2673,ms,,,,,,3.02396e+06,741.149,3.61824e+08,518570,6.01765e+07,146516,12.0026,4.22176e+06,1.15517e+10,251.917,0,0.00415182,1.46435e+10,0,1.50033e+08,2.8648e+09
"BloomBlockedPartitionedMT_8/Count/150/15/1024/100000000/100000000/10/iterations:5/manual_time",5,247.327,41.6774,ms,,,,,,3.07118e+06,641.386,3.59452e+08,535501,6.03157e+07,146516,12.0026,4.17041e+06,1.2196e+10,247.327,0,0.00415182,1.48218e+10,0,1.50033e+08,3.02169e+09
"BloomBlockedPartitionedMT_8/Count/150/16/1024/100000000/100000000/10/iterations:5/manual_time",5,241.844,39.426,ms,,,,,,3.12427e+06,881.498,3.56771e+08,552179,6.10928e+07,146516,12.0026,4.22934e+06,1.29087e+10,241.844,0,0.00415182,1.51699e+10,0,1.50033e+08,3.18641e+09
"BloomBlockedPartitionedMT_8/Count/150/17/1024/100000000/100000000/10/iterations:5/manual_time",5,247.783,39.1901,ms,,,,,,3.28704e+06,869.788,3.63059e+08,530836,6.4393e+07,146516,12.0026,4.23856e+06,1.35318e+10,247.783,0,0.00415182,1.49531e+10,0,1.50033e+08,3.39172e+09
"BloomBlockedPartitionedMT_8/Count/150/18/1024/100000000/100000000/10/iterations:5/manual_time",5,244.421,38.2483,ms,,,,,,3.34015e+06,745.683,3.65111e+08,526337,6.38446e+07,146516,12.0026,4.21936e+06,1.42049e+10,244.421,0,0.00415182,1.49893e+10,0,1.50033e+08,3.54083e+09
"BloomBlockedPartitionedMT_8/Count/150/19/1024/100000000/100000000/10/iterations:5/manual_time",5,243.253,39.9873,ms,,,,,,3.51069e+06,817.859,3.64943e+08,535170,6.63786e+07,146516,12.0026,4.32009e+06,1.50947e+10,243.253,0,0.00415182,1.51624e+10,0,1.50033e+08,3.73127e+09
"BloomBlockedPartitionedMT_8/Count/150/20/1024/100000000/100000000/10/iterations:5/manual_time",5,244.388,39.9984,ms,,,,,,3.61703e+06,1068.24,3.66055e+08,557627,6.85799e+07,146516,12.0026,4.42744e+06,1.61781e+10,244.388,0,0.00415182,1.53411e+10,0,1.50033e+08,3.97102e+09
"BloomBlockedPartitionedMT_8/Count/150/21/1024/100000000/100000000/10/iterations:5/manual_time",5,246.211,40.2268,ms,,,,,,3.72714e+06,927.861,3.64722e+08,571524,7.13528e+07,146516,12.0026,4.44382e+06,1.69034e+10,246.211,0,0.00415182,1.52323e+10,0,1.50033e+08,4.20236e+09
"BloomBlockedPartitionedMT_8/Count/150/22/1024/100000000/100000000/10/iterations:5/manual_time",5,247.99,39.7704,ms,,,,,,3.76086e+06,1304.15,3.68395e+08,562488,7.1862e+07,146516,12.0026,4.53189e+06,1.76602e+10,247.99,0,0.00415182,1.53314e+10,0,1.50033e+08,4.40855e+09
"BloomBlockedPartitionedMT_8/Count/150/23/1024/100000000/100000000/10/iterations:5/manual_time",5,246.06,40.4287,ms,,,,,,3.80359e+06,1096.97,3.69088e+08,567341,7.26617e+07,146516,12.0026,4.5467e+06,1.85189e+10,246.06,0,0.00415182,1.55444e+10,0,1.50033e+08,4.59505e+09
"BloomBlockedPartitionedMT_8/Count/150/24/1024/100000000/100000000/10/iterations:5/manual_time",5,247.577,41.3831,ms,,,,,,3.83784e+06,1313.53,3.74053e+08,592649,7.33299e+07,146516,12.0026,4.59694e+06,1.96136e+10,247.577,0,0.00415182,1.55256e+10,0,1.50033e+08,4.84474e+09
"BloomBlockedPartitionedMT_8/Count/150/25/1024/100000000/100000000/10/iterations:5/manual_time",5,248.654,40.4292,ms,,,,,,3.95266e+06,1082.67,3.78743e+08,594969,7.46103e+07,146516,12.0026,4.59662e+06,2.00301e+10,248.654,0,0.00415182,1.55246e+10,0,1.50033e+08,5.02244e+09
"BloomBlockedPartitionedMT_8/Count/150/26/1024/100000000/100000000/10/iterations:5/manual_time",5,249.131,41.5076,ms,,,,,,4.09326e+06,1303.14,3.7416e+08,606368,7.6974e+07,146516,12.0026,4.67388e+06,2.08103e+10,249.131,0,0.00415182,1.55446e+10,0,1.50033e+08,5.20203e+09
"BloomBlockedPartitionedMT_8/Count/150/27/1024/100000000/100000000/10/iterations:5/manual_time",5,249.674,39.9449,ms,,,,,,3.99345e+06,1611.89,3.77349e+08,622943,7.68253e+07,146516,12.0026,4.71584e+06,2.18788e+10,249.674,0,0.00415182,1.49592e+10,0,1.50033e+08,5.3976e+09
"BloomBlockedPartitionedMT_8/Count/150/28/1024/100000000/100000000/10/iterations:5/manual_time",5,249.648,41.5784,ms,,,,,,4.08077e+06,1249.68,3.65002e+08,675552,8.08466e+07,146516,12.0026,4.86846e+06,2.27277e+10,249.648,0,0.00415182,1.47146e+10,0,1.50033e+08,5.58386e+09
"BloomBlockedPartitionedMT_8/Count/150/29/1024/100000000/100000000/10/iterations:5/manual_time",5,252.087,40.2564,ms,,,,,,4.21655e+06,1679.2,3.63239e+08,661267,8.20502e+07,146516,12.0026,4.89198e+06,2.3609e+10,252.087,0,0.00415182,1.46094e+10,0,1.50033e+08,5.84151e+09
"BloomBlockedPartitionedMT_8/Count/150/30/1024/100000000/100000000/10/iterations:5/manual_time",5,251.414,40.9974,ms,,,,,,4.3102e+06,1699.12,3.69679e+08,673423,8.10235e+07,146516,12.0026,4.80779e+06,2.46486e+10,251.414,0,0.00415182,1.43913e+10,0,1.50033e+08,6.06905e+09
"BloomBlockedPartitionedMT_8/Count/150/31/1024/100000000/100000000/10/iterations:5/manual_time",5,254.6,41.4581,ms,,,,,,4.416e+06,1660.05,3.57316e+08,736760,8.63413e+07,146516,12.0026,4.97848e+06,2.6096e+10,254.6,0,0.00415182,1.41285e+10,0,1.50033e+08,6.41951e+09
"BloomBlockedPartitionedMT_8/Count/150/32/1024/100000000/100000000/10/iterations:5/manual_time",5,257.066,42.2252,ms,,,,,,4.42916e+06,2266.16,3.63937e+08,722112,8.1788e+07,146516,12.0026,4.70881e+06,2.70753e+10,257.066,0,0.00415182,1.36831e+10,0,1.50033e+08,6.64444e+09
"BloomBlockedPartitionedMT_8/Count/150/1/2048/100000000/100000000/10/iterations:5/manual_time",5,1579.21,41.3294,ms,,,,,,4.61127e+06,63.5071,4.66868e+08,622755,1.06346e+08,73274,12.0053,4.30375e+06,6.87459e+09,1579.21,0,0.00412466,1.47384e+10,0,1.50066e+08,1.57836e+09
"BloomBlockedPartitionedMT_8/Count/150/2/2048/100000000/100000000/10/iterations:5/manual_time",5,851.88,41.1821,ms,,,,,,4.65589e+06,100.459,4.65098e+08,603252,1.07301e+08,73274,12.0053,4.35381e+06,7.08151e+09,851.88,0,0.00412466,1.477e+10,0,1.50066e+08,1.64383e+09
"BloomBlockedPartitionedMT_8/Count/150/3/2048/100000000/100000000/10/iterations:5/manual_time",5,621.509,42.6202,ms,,,,,,4.55561e+06,101.383,4.60063e+08,607355,1.04414e+08,73274,12.0053,4.42175e+06,7.41306e+09,621.509,0,0.00412466,1.47486e+10,0,1.50066e+08,1.75309e+09
"BloomBlockedPartitionedMT_8/Count/150/4/2048/100000000/100000000/10/iterations:5/manual_time",5,507.93,41.3077,ms,,,,,,4.50727e+06,162.516,3.94913e+08,564072,8.14821e+07,73274,12.0053,4.44249e+06,7.84167e+09,507.93,0,0.00412466,1.4797e+10,0,1.50066e+08,1.87184e+09
"BloomBlockedPartitionedMT_8/Count/150/5/2048/100000000/100000000/10/iterations:5/manual_time",5,440.663,40.9698,ms,,,,,,4.39731e+06,221.007,3.76761e+08,538270,8.06622e+07,73274,12.0053,4.55104e+06,8.0535e+09,440.663,0,0.00412466,1.48391e+10,0,1.50066e+08,1.96183e+09
"BloomBlockedPartitionedMT_8/Count/150/6/2048/100000000/100000000/10/iterations:5/manual_time",5,394.63,42.3734,ms,,,,,,4.41184e+06,229.16,3.7861e+08,534294,8.4942e+07,73274,12.0053,4.45065e+06,8.60336e+09,394.63,0,0.00412466,1.4789e+10,0,1.50066e+08,2.08203e+09
"BloomBlockedPartitionedMT_8/Count/150/7/2048/100000000/100000000/10/iterations:5/manual_time",5,362.328,41.0282,ms,,,,,,4.31261e+06,216.081,3.78654e+08,524712,8.55449e+07,73274,12.0053,4.51002e+06,9.20487e+09,362.328,0,0.00412466,1.47361e+10,0,1.50066e+08,2.21303e+09
"BloomBlockedPartitionedMT_8/Count/150/8/2048/100000000/100000000/10/iterations:5/manual_time",5,344.249,42.453,ms,,,,,,4.42129e+06,213.327,3.77132e+08,526610,8.70279e+07,73274,12.0053,4.40896e+06,9.75531e+09,344.249,0,0.00412466,1.51006e+10,0,1.50066e+08,2.37063e+09
"BloomBlockedPartitionedMT_8/Count/150/9/2048/100000000/100000000/10/iterations:5/manual_time",5,320.025,41.4109,ms,,,,,,4.43211e+06,384.229,3.79482e+08,516334,8.33377e+07,73274,12.0053,4.28217e+06,9.96697e+09,320.025,0,0.00412466,1.489e+10,0,1.50066e+08,2.44485e+09
"BloomBlockedPartitionedMT_8/Count/150/10/2048/100000000/100000000/10/iterations:5/manual_time",5,303.506,39.7323,ms,,,,,,4.37851e+06,191.13,3.80639e+08,518071,7.97416e+07,73274,12.0053,4.23321e+06,1.03889e+10,303.506,0,0.00412466,1.47249e+10,0,1.50066e+08,2.54518e+09
"BloomBlockedPartitionedMT_8/Count/150/11/2048/100000000/100000000/10/iterations:5/manual_time",5,293.974,41.527,ms,,,,,,4.26909e+06,222.201,3.75864e+08,526537,8.02086e+07,73274,12.0053,4.32012e+06,1.09228e+10,293.974,0,0.00412466,1.44938e+10,0,1.50066e+08,2.68713e+09
"BloomBlockedPartitionedMT_8/Count/150/12/2048/100000000/100000000/10/iterations:5/manual_time",5,287.52,41.3308,ms,,,,,,4.18434e+06,354.93,3.73756e+08,540007,8.19743e+07,73274,12.0053,4.49731e+06,1.15428e+10,287.52,0,0.00412466,1.45054e+10,0,1.50066e+08,2.85799e+09
"BloomBlockedPartitionedMT_8/Count/150/13/2048/100000000/100000000/10/iterations:5/manual_time",5,276.836,41.6315,ms,,,,,,4.12672e+06,450.363,3.68807e+08,517238,8.34812e+07,73274,12.0053,4.6467e+06,1.18681e+10,276.836,0,0.00412466,1.48407e+10,0,1.50066e+08,2.95398e+09
"BloomBlockedPartitionedMT_8/Count/150/14/2048/100000000/100000000/10/iterations:5/manual_time",5,267.662,40.0958,ms,,,,,,4.11919e+06,415.747,3.6339e+08,523889,8.40351e+07,73274,12.0053,4.67964e+06,1.24201e+10,267.662,0,0.00412466,1.45855e+10,0,1.50066e+08,3.08155e+09
"BloomBlockedPartitionedMT_8/Count/150/15/2048/100000000/100000000/10/iterations:5/manual_time",5,265.768,40.8694,ms,,,,,,4.0921e+06,524.812,3.59861e+08,543744,8.26046e+07,73274,12.0053,4.67896e+06,1.32459e+10,265.768,0,0.00412466,1.45203e+10,0,1.50066e+08,3.27689e+09
"BloomBlockedPartitionedMT_8/Count/150/16/2048/100000000/100000000/10/iterations:5/manual_time",5,265.773,40.4344,ms,,,,,,3.98314e+06,257.143,3.45004e+08,567687,8.43925e+07,73274,12.0053,4.90137e+06,1.41121e+10,265.773,0,0.00412466,1.43241e+10,0,1.50066e+08,3.52378e+09
"BloomBlockedPartitionedMT_8/Count/150/17/2048/100000000/100000000/10/iterations:5/manual_time",5,269.093,39.6254,ms,,,,,,4.13856e+06,545.158,3.51358e+08,558818,8.71986e+07,73274,12.0053,4.86682e+06,1.49562e+10,269.093,0,0.00412466,1.41732e+10,0,1.50066e+08,3.72244e+09
"BloomBlockedPartitionedMT_8/Count/150/18/2048/100000000/100000000/10/iterations:5/manual_time",5,266.642,39.2854,ms,,,,,,4.32059e+06,830.943,3.57874e+08,559312,8.74109e+07,73274,12.0053,4.66291e+06,1.58527e+10,266.642,0,0.00412466,1.42128e+10,0,1.50066e+08,3.92512e+09
"BloomBlockedPartitionedMT_8/Count/150/19/2048/100000000/100000000/10/iterations:5/manual_time",5,268.931,40.404,ms,,,,,,4.64894e+06,723.668,3.76966e+08,494818,8.42381e+07,73274,12.0053,4.2674e+06,1.68598e+10,268.931,0,0.00412466,1.42875e+10,0,1.50066e+08,4.18881e+09
"BloomBlockedPartitionedMT_8/Count/150/20/2048/100000000/100000000/10/iterations:5/manual_time",5,272.455,40.576,ms,,,,,,4.85537e+06,730.417,3.82049e+08,499275,8.7245e+07,73274,12.0053,4.25551e+06,1.80419e+10,272.455,0,0.00412466,1.45201e+10,0,1.50066e+08,4.45475e+09
"BloomBlockedPartitionedMT_8/Count/150/21/2048/100000000/100000000/10/iterations:5/manual_time",5,273.64,40.631,ms,,,,,,4.76582e+06,985.563,3.85644e+08,513257,8.84046e+07,73274,12.0053,4.31403e+06,1.89468e+10,273.64,0,0.00412466,1.45175e+10,0,1.50066e+08,4.66808e+09
"BloomBlockedPartitionedMT_8/Count/150/22/2048/100000000/100000000/10/iterations:5/manual_time",5,273.241,40.2131,ms,,,,,,4.7529e+06,1197.88,3.95213e+08,530545,8.68681e+07,73274,12.0053,4.29811e+06,1.98908e+10,273.241,0,0.00412466,1.46171e+10,0,1.50066e+08,4.91816e+09
"BloomBlockedPartitionedMT_8/Count/150/23/2048/100000000/100000000/10/iterations:5/manual_time",5,275.996,40.6031,ms,,,,,,4.81999e+06,1084.65,4.00028e+08,568102,8.91303e+07,73274,12.0053,4.36991e+06,2.10065e+10,275.996,0,0.00412466,1.52005e+10,0,1.50066e+08,5.22572e+09
"BloomBlockedPartitionedMT_8/Count/150/24/2048/100000000/100000000/10/iterations:5/manual_time",5,279.117,40.5727,ms,,,,,,4.79999e+06,1132.5,4.00214e+08,584918,9.27347e+07,73274,12.0053,4.51495e+06,2.23093e+10,279.117,0,0.00412466,1.52592e+10,0,1.50066e+08,5.52959e+09
"BloomBlockedPartitionedMT_8/Count/150/25/2048/100000000/100000000/10/iterations:5/manual_time",5,278.864,39.5915,ms,,,,,,4.77815e+06,1412.91,4.09209e+08,590718,9.3677e+07,73274,12.0053,4.56625e+06,2.32942e+10,278.864,0,0.00412466,1.53381e+10,0,1.50066e+08,5.80207e+09
"BloomBlockedPartitionedMT_8/Count/150/26/2048/100000000/100000000/10/iterations:5/manual_time",5,282.714,41.4976,ms,,,,,,4.76025e+06,1620.95,4.21006e+08,604120,9.34965e+07,73274,12.0053,4.58209e+06,2.41914e+10,282.714,0,0.00412466,1.53968e+10,0,1.50066e+08,6.03494e+09
"BloomBlockedPartitionedMT_8/Count/150/27/2048/100000000/100000000/10/iterations:5/manual_time",5,283.011,39.4844,ms,,,,,,5.00886e+06,1429.18,4.19841e+08,620485,9.61402e+07,73274,12.0053,4.73095e+06,2.50442e+10,283.011,0,0.00412466,1.54022e+10,0,1.50066e+08,6.24999e+09
"BloomBlockedPartitionedMT_8/Count/150/28/2048/100000000/100000000/10/iterations:5/manual_time",5,283.401,39.6035,ms,,,,,,4.90178e+06,1340.48,4.20073e+08,663027,9.32652e+07,73274,12.0053,4.5691e+06,2.6353e+10,283.401,0,0.00412466,1.48027e+10,0,1.50066e+08,6.50154e+09
"BloomBlockedPartitionedMT_8/Count/150/29/2048/100000000/100000000/10/iterations:5/manual_time",5,284.401,40.3165,ms,,,,,,4.90846e+06,1814.76,4.22184e+08,652164,9.41473e+07,73274,12.0053,4.53179e+06,2.73666e+10,284.401,0,0.00412466,1.44292e+10,0,1.50066e+08,6.74742e+09
"BloomBlockedPartitionedMT_8/Count/150/30/2048/100000000/100000000/10/iterations:5/manual_time",5,288.2,40.1625,ms,,,,,,5.20256e+06,1491.62,4.28459e+08,688998,9.37072e+07,73274,12.0053,4.33453e+06,2.87782e+10,288.2,0,0.00412466,1.43837e+10,0,1.50066e+08,7.08365e+09
"BloomBlockedPartitionedMT_8/Count/150/31/2048/100000000/100000000/10/iterations:5/manual_time",5,292.156,40.1287,ms,,,,,,5.29875e+06,2052.8,4.22665e+08,735526,9.65461e+07,73274,12.0053,4.39601e+06,3.02898e+10,292.156,0,0.00412466,1.40398e+10,0,1.50066e+08,7.47215e+09
"BloomBlockedPartitionedMT_8/Count/150/32/2048/100000000/100000000/10/iterations:5/manual_time",5,295.201,40.6639,ms,,,,,,5.50424e+06,1387.12,4.23674e+08,799191,9.85555e+07,73274,12.0053,4.42761e+06,3.17538e+10,295.201,0,0.00412466,1.44535e+10,0,1.50066e+08,7.87005e+09
"BloomBlockedPartitionedMT_8/Count/150/1/4096/100000000/100000000/10/iterations:5/manual_time",5,1597.25,42.4662,ms,,,,,,5.42275e+06,66.8709,4.49752e+08,663594,1.43021e+08,36653,12.0106,4.27579e+06,6.96158e+09,1597.25,0,0.00411791,1.47552e+10,0,1.50133e+08,1.59642e+09
"BloomBlockedPartitionedMT_8/Count/150/2/4096/100000000/100000000/10/iterations:5/manual_time",5,922.781,41.7412,ms,,,,,,5.47732e+06,99.5765,4.41083e+08,664628,1.43889e+08,36653,12.0106,4.38953e+06,7.6979e+09,922.781,0,0.00411791,1.47833e+10,0,1.50133e+08,1.78318e+09
"BloomBlockedPartitionedMT_8/Count/150/3/4096/100000000/100000000/10/iterations:5/manual_time",5,722.805,40.9951,ms,,,,,,5.32381e+06,121.428,4.42855e+08,640516,1.40826e+08,36653,12.0106,4.42871e+06,8.72524e+09,722.805,0,0.00411791,1.47797e+10,0,1.50133e+08,2.05e+09
"BloomBlockedPartitionedMT_8/Count/150/4/4096/100000000/100000000/10/iterations:5/manual_time",5,595.66,40.9766,ms,,,,,,5.30416e+06,122.471,4.01704e+08,617534,1.2446e+08,36653,12.0106,4.43773e+06,9.31832e+09,595.66,0,0.00411791,1.48102e+10,0,1.50133e+08,2.21864e+09
"BloomBlockedPartitionedMT_8/Count/150/5/4096/100000000/100000000/10/iterations:5/manual_time",5,499.218,42.3398,ms,,,,,,5.12399e+06,179.22,3.80265e+08,550205,1.1091e+08,36653,12.0106,4.44464e+06,9.20621e+09,499.218,0,0.00411791,1.47933e+10,0,1.50133e+08,2.2142e+09
"BloomBlockedPartitionedMT_8/Count/150/6/4096/100000000/100000000/10/iterations:5/manual_time",5,436.406,40.2317,ms,,,,,,5.05665e+06,257.427,3.55655e+08,533102,1.14358e+08,36653,12.0106,4.61188e+06,9.58667e+09,436.406,0,0.00411791,1.49369e+10,0,1.50133e+08,2.29736e+09
"BloomBlockedPartitionedMT_8/Count/150/7/4096/100000000/100000000/10/iterations:5/manual_time",5,407.153,42.1643,ms,,,,,,5.11769e+06,223.443,3.49861e+08,503545,1.12438e+08,36653,12.0106,4.46469e+06,1.04738e+10,407.153,0,0.00411791,1.49832e+10,0,1.50133e+08,2.51113e+09
"BloomBlockedPartitionedMT_8/Count/150/8/4096/100000000/100000000/10/iterations:5/manual_time",5,394.103,42.9687,ms,,,,,,5.13502e+06,412.716,3.46266e+08,498741,1.09688e+08,36653,12.0106,4.3619e+06,1.14118e+10,394.103,0,0.00411791,1.46894e+10,0,1.50133e+08,2.75397e+09
"BloomBlockedPartitionedMT_8/Count/150/9/4096/100000000/100000000/10/iterations:5/manual_time",5,360.593,42.376,ms,,,,,,5.06448e+06,241.834,3.37196e+08,479454,1.1191e+08,36653,12.0106,4.54776e+06,1.12822e+10,360.593,0,0.00411791,1.46407e+10,0,1.50133e+08,2.75747e+09
"BloomBlockedPartitionedMT_8/Count/150/10/4096/100000000/100000000/10/iterations:5/manual_time",5,339.951,41.5295,ms,,,,,,5.14899e+06,356.639,3.40887e+08,466531,1.07929e+08,36653,12.0106,4.43391e+06,1.18123e+10,339.951,0,0.00411791,1.51705e+10,0,1.50133e+08,2.8839e+09
"BloomBlockedPartitionedMT_8/Count/150/11/4096/100000000/100000000/10/iterations:5/manual_time",5,331.721,42.236,ms,,,,,,5.06983e+06,258.084,3.47224e+08,439713,1.04337e+08,36653,12.0106,4.33784e+06,1.2457e+10,331.721,0,0.00411791,1.48557e+10,0,1.50133e+08,3.07379e+09
"BloomBlockedPartitionedMT_8/Count/150/12/4096/100000000/100000000/10/iterations:5/manual_time",5,328.473,41.1498,ms,,,,,,5.09668e+06,366.962,3.39117e+08,436130,1.06413e+08,36653,12.0106,4.41104e+06,1.34352e+10,328.473,0,0.00411791,1.47825e+10,0,1.50133e+08,3.32762e+09
"BloomBlockedPartitionedMT_8/Count/150/13/4096/100000000/100000000/10/iterations:5/manual_time",5,312.272,41.3485,ms,,,,,,4.97436e+06,492.281,3.47499e+08,438360,1.03969e+08,36653,12.0106,4.40992e+06,1.36652e+10,312.272,0,0.00411791,1.47094e+10,0,1.50133e+08,3.37933e+09
"BloomBlockedPartitionedMT_8/Count/150/14/4096/100000000/100000000/10/iterations:5/manual_time",5,303.84,39.822,ms,,,,,,4.919e+06,620.126,3.39556e+08,464185,1.06784e+08,36653,12.0106,4.53076e+06,1.4354e+10,303.84,0,0.00411791,1.46813e+10,0,1.50133e+08,3.54944e+09
"BloomBlockedPartitionedMT_8/Count/150/15/4096/100000000/100000000/10/iterations:5/manual_time",5,305.216,42.0657,ms,,,,,,4.96933e+06,500.249,3.4276e+08,473947,1.0552e+08,36653,12.0106,4.46604e+06,1.52464e+10,305.216,0,0.00411791,1.47416e+10,0,1.50133e+08,3.78888e+09
"BloomBlockedPartitionedMT_8/Count/150/16/4096/100000000/100000000/10/iterations:5/manual_time",5,303.524,40.0582,ms,,,,,,5.14223e+06,663.634,3.42172e+08,479834,1.05841e+08,36653,12.0106,4.38713e+06,1.64656e+10,303.524,0,0.00411791,1.47103e+10,0,1.50133e+08,4.1073e+09
"BloomBlockedPartitionedMT_8/Count/150/17/4096/100000000/100000000/10/iterations:5/manual_time",5,309.167,40.3723,ms,,,,,,5.32946e+06,684.754,3.48526e+08,483155,1.11418e+08,36653,12.0106,4.45046e+06,1.755e+10,309.167,0,0.00411791,1.4841e+10,0,1.50133e+08,4.38459e+09
"BloomBlockedPartitionedMT_8/Count/150/18/4096/100000000/100000000/10/iterations:5/manual_time",5,308.293,39.3999,ms,,,,,,5.39922e+06,985.997,3.51461e+08,495867,1.15445e+08,36653,12.0106,4.50725e+06,1.85589e+10,308.293,0,0.00411791,1.49026e+10,0,1.50133e+08,4.63683e+09
"BloomBlockedPartitionedMT_8/Count/150/19/4096/100000000/100000000/10/iterations:5/manual_time",5,314.975,39.7706,ms,,,,,,5.65417e+06,1234.41,3.63693e+08,509874,1.20257e+08,36653,12.0106,4.65666e+06,1.99317e+10,314.975,0,0.00411791,1.52976e+10,0,1.50133e+08,5.00654e+09
"BloomBlockedPartitionedMT_8/Count/150/20/4096/100000000/100000000/10/iterations:5/manual_time",5,316.016,39.7899,ms,,,,,,5.48128e+06,1184.92,3.79327e+08,552227,1.1888e+08,36653,12.0106,4.66284e+06,2.14349e+10,316.016,0,0.00411791,1.50605e+10,0,1.50133e+08,5.34383e+09
"BloomBlockedPartitionedMT_8/Count/150/21/4096/100000000/100000000/10/iterations:5/manual_time",5,318.887,41.1764,ms,,,,,,5.48177e+06,1305.17,3.9259e+08,582787,1.18681e+08,36653,12.0106,4.6534e+06,2.26207e+10,318.887,0,0.00411791,1.51455e+10,0,1.50133e+08,5.62233e+09
"BloomBlockedPartitionedMT_8/Count/150/22/4096/100000000/100000000/10/iterations:5/manual_time",5,320.777,40.7553,ms,,,,,,5.35353e+06,1313.86,3.96418e+08,616447,1.21241e+08,36653,12.0106,4.77693e+06,2.38217e+10,320.777,0,0.00411791,1.45291e+10,0,1.50133e+08,5.93948e+09
"BloomBlockedPartitionedMT_8/Count/150/23/4096/100000000/100000000/10/iterations:5/manual_time",5,322.196,39.0335,ms,,,,,,5.57575e+06,1210.28,3.9939e+08,650068,1.20365e+08,36653,12.0106,4.66062e+06,2.53768e+10,322.196,0,0.00411791,1.40311e+10,0,1.50133e+08,6.28994e+09
"BloomBlockedPartitionedMT_8/Count/150/24/4096/100000000/100000000/10/iterations:5/manual_time",5,325.625,39.8719,ms,,,,,,5.73032e+06,1547.28,4.06351e+08,692367,1.19568e+08,36653,12.0106,4.53129e+06,2.68356e+10,325.625,0,0.00411791,1.37911e+10,0,1.50133e+08,6.64196e+09
"BloomBlockedPartitionedMT_8/Count/150/25/4096/100000000/100000000/10/iterations:5/manual_time",5,330.501,40.2521,ms,,,,,,6.06421e+06,1231.69,4.19002e+08,698088,1.22483e+08,36653,12.0106,4.46944e+06,2.79868e+10,330.501,0,0.00411791,1.39697e+10,0,1.50133e+08,6.94379e+09
"BloomBlockedPartitionedMT_8/Count/150/26/4096/100000000/100000000/10/iterations:5/manual_time",5,330.664,39.9685,ms,,,,,,6.11578e+06,1430.38,4.22106e+08,708785,1.27356e+08,36653,12.0106,4.55582e+06,2.89215e+10,330.664,0,0.00411791,1.40639e+10,0,1.50133e+08,7.17777e+09
"BloomBlockedPartitionedMT_8/Count/150/27/4096/100000000/100000000/10/iterations:5/manual_time",5,333.819,39.7161,ms,,,,,,6.71467e+06,1735.86,4.28986e+08,747042,1.30394e+08,36653,12.0106,4.60692e+06,3.04153e+10,333.819,0,0.00411791,1.47011e+10,0,1.50133e+08,7.51655e+09
"BloomBlockedPartitionedMT_8/Count/150/28/4096/100000000/100000000/10/iterations:5/manual_time",5,336.169,40.6918,ms,,,,,,6.64816e+06,1254.39,4.30402e+08,766518,1.33724e+08,36653,12.0106,4.64798e+06,3.18138e+10,336.169,0,0.00411791,1.49404e+10,0,1.50133e+08,7.86652e+09
"BloomBlockedPartitionedMT_8/Count/150/29/4096/100000000/100000000/10/iterations:5/manual_time",5,340.397,40.7004,ms,,,,,,6.67525e+06,1804.43,4.35013e+08,760894,1.3863e+08,36653,12.0106,4.7568e+06,3.32178e+10,340.397,0,0.00411791,1.50097e+10,0,1.50133e+08,8.21848e+09
"BloomBlockedPartitionedMT_8/Count/150/30/4096/100000000/100000000/10/iterations:5/manual_time",5,344.026,40.2717,ms,,,,,,7.00613e+06,1754.42,4.4335e+08,779291,1.36569e+08,36653,12.0106,4.73431e+06,3.51665e+10,344.026,0,0.00411791,1.46979e+10,0,1.50133e+08,8.70455e+09
"BloomBlockedPartitionedMT_8/Count/150/31/4096/100000000/100000000/10/iterations:5/manual_time",5,348.887,40.7212,ms,,,,,,7.22146e+06,1946.82,4.52604e+08,807929,1.37641e+08,36653,12.0106,4.8182e+06,3.70201e+10,348.887,0,0.00411791,1.48985e+10,0,1.50133e+08,9.1749e+09
"BloomBlockedPartitionedMT_8/Count/150/32/4096/100000000/100000000/10/iterations:5/manual_time",5,352.19,40.5242,ms,,,,,,7.54273e+06,2549.55,4.54033e+08,833378,1.36802e+08,36653,12.0106,4.75192e+06,3.86267e+10,352.19,0,0.00411791,1.41653e+10,0,1.50133e+08,9.54452e+09
"BloomBlockedPartitionedMT_8/Count/150/1/8192/100000000/100000000/10/iterations:5/manual_time",5,1784.11,40.7806,ms,,,,,,6.41344e+06,79.0964,5.12427e+08,699747,1.76185e+08,18342,12.0212,4.31609e+06,7.80498e+09,1784.11,0,0.00408337,1.4715e+10,0,1.50265e+08,1.78318e+09
"BloomBlockedPartitionedMT_8/Count/150/2/8192/100000000/100000000/10/iterations:5/manual_time",5,1091.98,40.9148,ms,,,,,,5.96308e+06,154.764,5.07992e+08,658438,1.7708e+08,18342,12.0212,4.41885e+06,9.20076e+09,1091.98,0,0.00408337,1.47686e+10,0,1.50265e+08,2.12231e+09
"BloomBlockedPartitionedMT_8/Count/150/3/8192/100000000/100000000/10/iterations:5/manual_time",5,807.434,41.1684,ms,,,,,,7.03501e+06,156.974,5.09524e+08,617606,1.71767e+08,18342,12.0212,4.4479e+06,9.89685e+09,807.434,0,0.00408337,1.47287e+10,0,1.50265e+08,2.31322e+09
"BloomBlockedPartitionedMT_8/Count/150/4/8192/100000000/100000000/10/iterations:5/manual_time",5,685.99,41.6993,ms,,,,,,6.68621e+06,157.672,4.68472e+08,543937,1.60046e+08,18342,12.0212,4.4813e+06,1.07842e+10,685.99,0,0.00408337,1.46985e+10,0,1.50265e+08,2.55504e+09
"BloomBlockedPartitionedMT_8/Count/150/5/8192/100000000/100000000/10/iterations:5/manual_time",5,563.74,42.3873,ms,,,,,,6.33133e+06,252.686,4.32444e+08,508810,1.53951e+08,18342,12.0212,4.55515e+06,1.0464e+10,563.74,0,0.00408337,1.48111e+10,0,1.50265e+08,2.51373e+09
"BloomBlockedPartitionedMT_8/Count/150/6/8192/100000000/100000000/10/iterations:5/manual_time",5,505.491,42.0165,ms,,,,,,6.22319e+06,539.123,4.26628e+08,452520,1.46818e+08,18342,12.0212,4.64195e+06,1.1288e+10,505.491,0,0.00408337,1.49131e+10,0,1.50265e+08,2.71054e+09
"BloomBlockedPartitionedMT_8/Count/150/7/8192/100000000/100000000/10/iterations:5/manual_time",5,474.595,41.8798,ms,,,,,,6.49497e+06,406.359,4.21053e+08,407429,1.42729e+08,18342,12.0212,4.50151e+06,1.23262e+10,474.595,0,0.00408337,1.50396e+10,0,1.50265e+08,2.95413e+09
"BloomBlockedPartitionedMT_8/Count/150/8/8192/100000000/100000000/10/iterations:5/manual_time",5,453.981,41.9081,ms,,,,,,6.63566e+06,398.876,4.05128e+08,436129,1.35485e+08,18342,12.0212,4.34395e+06,1.33706e+10,453.981,0,0.00408337,1.46642e+10,0,1.50265e+08,3.21689e+09
"BloomBlockedPartitionedMT_8/Count/150/9/8192/100000000/100000000/10/iterations:5/manual_time",5,413.964,41.4883,ms,,,,,,6.74358e+06,468.118,3.82282e+08,537673,1.43041e+08,18342,12.0212,4.55633e+06,1.3287e+10,413.964,0,0.00408337,1.50765e+10,0,1.50265e+08,3.2268e+09
"BloomBlockedPartitionedMT_8/Count/150/10/8192/100000000/100000000/10/iterations:5/manual_time",5,398.745,43.1313,ms,,,,,,6.7391e+06,232.496,3.71525e+08,512647,1.42653e+08,18342,12.0212,4.60391e+06,1.39891e+10,398.745,0,0.00408337,1.43481e+10,0,1.50265e+08,3.4195e+09
"BloomBlockedPartitionedMT_8/Count/150/11/8192/100000000/100000000/10/iterations:5/manual_time",5,388.611,42.9312,ms,,,,,,6.77468e+06,380.437,3.59546e+08,517281,1.43318e+08,18342,12.0212,4.60182e+06,1.49967e+10,388.611,0,0.00408337,1.42059e+10,0,1.50265e+08,3.67048e+09
"BloomBlockedPartitionedMT_8/Count/150/12/8192/100000000/100000000/10/iterations:5/manual_time",5,384.227,42.2809,ms,,,,,,6.94432e+06,766.982,3.62849e+08,519053,1.4368e+08,18342,12.0212,4.63964e+06,1.61183e+10,384.227,0,0.00408337,1.46108e+10,0,1.50265e+08,3.9638e+09
"BloomBlockedPartitionedMT_8/Count/150/13/8192/100000000/100000000/10/iterations:5/manual_time",5,366.418,43.2018,ms,,,,,,6.79859e+06,458.362,3.41454e+08,515050,1.47349e+08,18342,12.0212,4.73051e+06,1.62686e+10,366.418,0,0.00408337,1.47412e+10,0,1.50265e+08,4.03558e+09
"BloomBlockedPartitionedMT_8/Count/150/14/8192/100000000/100000000/10/iterations:5/manual_time",5,361.169,42.6589,ms,,,,,,6.90951e+06,673.21,3.41335e+08,515088,1.47151e+08,18342,12.0212,4.76849e+06,1.71314e+10,361.169,0,0.00408337,1.46549e+10,0,1.50265e+08,4.25855e+09
"BloomBlockedPartitionedMT_8/Count/150/15/8192/100000000/100000000/10/iterations:5/manual_time",5,359.053,39.9463,ms,,,,,,7.09904e+06,913.548,3.42355e+08,525097,1.45675e+08,18342,12.0212,4.77482e+06,1.82674e+10,359.053,0,0.00408337,1.44759e+10,0,1.50265e+08,4.56028e+09
"BloomBlockedPartitionedMT_8/Count/150/16/8192/100000000/100000000/10/iterations:5/manual_time",5,361.637,40.0471,ms,,,,,,6.77378e+06,584.501,3.4601e+08,533827,1.42645e+08,18342,12.0212,4.70794e+06,2.00184e+10,361.637,0,0.00408337,1.40904e+10,0,1.50265e+08,4.97231e+09
"BloomBlockedPartitionedMT_8/Count/150/17/8192/100000000/100000000/10/iterations:5/manual_time",5,367.127,40.086,ms,,,,,,7.46983e+06,696.922,3.552e+08,551166,1.45412e+08,18342,12.0212,4.61328e+06,2.12753e+10,367.127,0,0.00408337,1.43885e+10,0,1.50265e+08,5.30358e+09
"BloomBlockedPartitionedMT_8/Count/150/18/8192/100000000/100000000/10/iterations:5/manual_time",5,365.23,40.5111,ms,,,,,,8.01536e+06,891.554,3.65691e+08,589217,1.44881e+08,18342,12.0212,4.58416e+06,2.24e+10,365.23,0,0.00408337,1.44742e+10,0,1.50265e+08,5.56835e+09
"BloomBlockedPartitionedMT_8/Count/150/19/8192/100000000/100000000/10/iterations:5/manual_time",5,369.984,40.9293,ms,,,,,,9.10871e+06,658.379,3.68884e+08,609443,1.48976e+08,18342,12.0212,4.54342e+06,2.40816e+10,369.984,0,0.00408337,1.45424e+10,0,1.50265e+08,5.99401e+09
"BloomBlockedPartitionedMT_8/Count/150/20/8192/100000000/100000000/10/iterations:5/manual_time",5,373.973,41.1821,ms,,,,,,9.39531e+06,981.16,3.70353e+08,651648,1.5286e+08,18342,12.0212,4.58496e+06,2.57772e+10,373.973,0,0.00408337,1.50135e+10,0,1.50265e+08,6.42522e+09
"BloomBlockedPartitionedMT_8/Count/150/21/8192/100000000/100000000/10/iterations:5/manual_time",5,382.458,40.85,ms,,,,,,1.09607e+07,1147.44,3.77869e+08,691407,1.56703e+08,18342,12.0212,4.72439e+06,2.6968e+10,382.458,0,0.00408337,1.50705e+10,0,1.50265e+08,6.77655e+09
"BloomBlockedPartitionedMT_8/Count/150/22/8192/100000000/100000000/10/iterations:5/manual_time",5,379.757,40.0074,ms,,,,,,1.1579e+07,1289.17,3.79725e+08,696074,1.58849e+08,18342,12.0212,4.79481e+06,2.82802e+10,379.757,0,0.00408337,1.5077e+10,0,1.50265e+08,7.08498e+09
"BloomBlockedPartitionedMT_8/Count/150/23/8192/100000000/100000000/10/iterations:5/manual_time",5,381.075,40.9774,ms,,,,,,9.73436e+06,1430.54,3.83195e+08,719836,1.61452e+08,18342,12.0212,4.8565e+06,2.97976e+10,381.075,0,0.00408337,1.52195e+10,0,1.50265e+08,7.44674e+09
"BloomBlockedPartitionedMT_8/Count/150/24/8192/100000000/100000000/10/iterations:5/manual_time",5,384.8,40.9192,ms,,,,,,1.21712e+07,1441.11,3.90575e+08,773337,1.6081e+08,18342,12.0212,4.91368e+06,3.14173e+10,384.8,0,0.00408337,1.53693e+10,0,1.50265e+08,7.87931e+09
"BloomBlockedPartitionedMT_8/Count/150/25/8192/100000000/100000000/10/iterations:5/manual_time",5,386.415,40.4675,ms,,,,,,1.09098e+07,1415.43,3.98774e+08,784580,1.61004e+08,18342,12.0212,4.80561e+06,3.2603e+10,386.415,0,0.00408337,1.49455e+10,0,1.50265e+08,8.14274e+09
"BloomBlockedPartitionedMT_8/Count/150/26/8192/100000000/100000000/10/iterations:5/manual_time",5,389.551,40.7834,ms,,,,,,1.24967e+07,1744.79,4.084e+08,812022,1.57683e+08,18342,12.0212,4.69796e+06,3.42349e+10,389.551,0,0.00408337,1.4817e+10,0,1.50265e+08,8.47928e+09
"BloomBlockedPartitionedMT_8/Count/150/27/8192/100000000/100000000/10/iterations:5/manual_time",5,394.631,42.682,ms,,,,,,1.26109e+07,1946.66,4.13685e+08,852736,1.60574e+08,18342,12.0212,4.74924e+06,3.56255e+10,394.631,0,0.00408337,1.44949e+10,0,1.50265e+08,8.8583e+09
"BloomBlockedPartitionedMT_8/Count/150/28/8192/100000000/100000000/10/iterations:5/manual_time",5,395.48,40.9733,ms,,,,,,1.34371e+07,1525.29,4.2166e+08,900765,1.6412e+08,18342,12.0212,4.85378e+06,3.74259e+10,395.48,0,0.00408337,1.49286e+10,0,1.50265e+08,9.2764e+09
"BloomBlockedPartitionedMT_8/Count/150/29/8192/100000000/100000000/10/iterations:5/manual_time",5,400.474,40.7598,ms,,,,,,1.36278e+07,1675.71,4.23479e+08,908319,1.67233e+08,18342,12.0212,4.93406e+06,3.94752e+10,400.474,0,0.00408337,1.49941e+10,0,1.50265e+08,9.80946e+09
"BloomBlockedPartitionedMT_8/Count/150/30/8192/100000000/100000000/10/iterations:5/manual_time",5,403.184,41.5391,ms,,,,,,1.75097e+07,1299.99,4.26726e+08,923573,1.69106e+08,18342,12.0212,4.97952e+06,4.13363e+10,403.184,0,0.00408337,1.50325e+10,0,1.50265e+08,1.02633e+10
"BloomBlockedPartitionedMT_8/Count/150/31/8192/100000000/100000000/10/iterations:5/manual_time",5,407.816,41.7814,ms,,,,,,1.46117e+07,1756.59,4.2907e+08,963650,1.70073e+08,18342,12.0212,4.98696e+06,4.3068e+10,407.816,0,0.00408337,1.50908e+10,0,1.50265e+08,1.07118e+10
"BloomBlockedPartitionedMT_8/Count/150/32/8192/100000000/100000000/10/iterations:5/manual_time",5,410.382,42.0572,ms,,,,,,1.75891e+07,1545.41,4.29091e+08,952686,1.71017e+08,18342,12.0212,4.96609e+06,4.48171e+10,410.382,0,0.00408337,1.53369e+10,0,1.50265e+08,1.11592e+10
"BloomBlockedPartitionedMT_8/Count/150/1/16384/100000000/100000000/10/iterations:5/manual_time",5,2165.32,40.2453,ms,,,,,,9.97254e+06,74.7969,5.2547e+08,703464,2.16396e+08,9187,12.0422,4.37451e+06,9.54588e+09,2165.32,0,0.00406152,1.47366e+10,0,1.50528e+08,2.16411e+09
"BloomBlockedPartitionedMT_8/Count/150/2/16384/100000000/100000000/10/iterations:5/manual_time",5,1243.04,42.1667,ms,,,,,,9.32112e+06,148.622,5.21096e+08,621903,2.14568e+08,9187,12.0422,4.51057e+06,1.04984e+10,1243.04,0,0.00406152,1.47752e+10,0,1.50528e+08,2.40828e+09
"BloomBlockedPartitionedMT_8/Count/150/3/16384/100000000/100000000/10/iterations:5/manual_time",5,971.403,42.0744,ms,,,,,,8.91189e+06,180.462,5.07525e+08,543366,2.06126e+08,9187,12.0422,4.57578e+06,1.18453e+10,971.403,0,0.00406152,1.4662e+10,0,1.50528e+08,2.76409e+09
"BloomBlockedPartitionedMT_8/Count/150/4/16384/100000000/100000000/10/iterations:5/manual_time",5,801.035,42.4007,ms,,,,,,8.77336e+06,203.769,4.68046e+08,523425,1.88068e+08,9187,12.0422,4.56782e+06,1.27321e+10,801.035,0,0.00406152,1.46961e+10,0,1.50528e+08,3.00494e+09
"BloomBlockedPartitionedMT_8/Count/150/5/16384/100000000/100000000/10/iterations:5/manual_time",5,656.879,41.0579,ms,,,,,,8.81591e+06,222.587,4.52009e+08,519738,1.84592e+08,9187,12.0422,4.64783e+06,1.25415e+10,656.879,0,0.00406152,1.47914e+10,0,1.50528e+08,2.98301e+09
"BloomBlockedPartitionedMT_8/Count/150/6/16384/100000000/100000000/10/iterations:5/manual_time",5,585.166,43.2213,ms,,,,,,8.86692e+06,295.844,4.54701e+08,494158,1.78986e+08,9187,12.0422,4.62864e+06,1.32024e+10,585.166,0,0.00406152,1.46817e+10,0,1.50528e+08,3.15242e+09
"BloomBlockedPartitionedMT_8/Count/150/7/16384/100000000/100000000/10/iterations:5/manual_time",5,537.894,42.2623,ms,,,,,,9.07955e+06,443.986,4.43691e+08,508644,1.78238e+08,9187,12.0422,4.69322e+06,1.4229e+10,537.894,0,0.00406152,1.50217e+10,0,1.50528e+08,3.40155e+09
"BloomBlockedPartitionedMT_8/Count/150/8/16384/100000000/100000000/10/iterations:5/manual_time",5,517.049,42.4906,ms,,,,,,9.32299e+06,398.184,4.29485e+08,530936,1.77669e+08,9187,12.0422,4.68332e+06,1.55046e+10,517.049,0,0.00406152,1.46863e+10,0,1.50528e+08,3.70804e+09
"BloomBlockedPartitionedMT_8/Count/150/9/16384/100000000/100000000/10/iterations:5/manual_time",5,475.269,42.2577,ms,,,,,,9.92816e+06,360.047,4.23221e+08,526583,1.76555e+08,9187,12.0422,4.63702e+06,1.56342e+10,475.269,0,0.00406152,1.48694e+10,0,1.50528e+08,3.77303e+09
"BloomBlockedPartitionedMT_8/Count/150/10/16384/100000000/100000000/10/iterations:5/manual_time",5,461.719,43.029,ms,,,,,,1.00201e+07,480.694,4.09222e+08,548280,1.74133e+08,9187,12.0422,4.66828e+06,1.65065e+10,461.719,0,0.00406152,1.44672e+10,0,1.50528e+08,4.01194e+09
"BloomBlockedPartitionedMT_8/Count/150/11/16384/100000000/100000000/10/iterations:5/manual_time",5,447.086,40.3176,ms,,,,,,1.05215e+07,628.218,4.08742e+08,558478,1.76144e+08,9187,12.0422,4.7524e+06,1.76698e+10,447.086,0,0.00406152,1.46457e+10,0,1.50528e+08,4.30855e+09
"BloomBlockedPartitionedMT_8/Count/150/12/16384/100000000/100000000/10/iterations:5/manual_time",5,441.498,40.7612,ms,,,,,,1.07366e+07,619.034,3.95437e+08,579518,1.77801e+08,9187,12.0422,4.78695e+06,1.88075e+10,441.498,0,0.00406152,1.48943e+10,0,1.50528e+08,4.61043e+09
"BloomBlockedPartitionedMT_8/Count/150/13/16384/100000000/100000000/10/iterations:5/manual_time",5,424.887,40.3786,ms,,,,,,1.15118e+07,865.182,3.93035e+08,585743,1.75399e+08,9187,12.0422,4.7662e+06,1.9213e+10,424.887,0,0.00406152,1.47268e+10,0,1.50528e+08,4.75751e+09
"BloomBlockedPartitionedMT_8/Count/150/14/16384/100000000/100000000/10/iterations:5/manual_time",5,419.539,40.2771,ms,,,,,,1.14924e+07,873.503,3.84662e+08,611406,1.77689e+08,9187,12.0422,4.80641e+06,2.02455e+10,419.539,0,0.00406152,1.48991e+10,0,1.50528e+08,5.02075e+09
"BloomBlockedPartitionedMT_8/Count/150/15/16384/100000000/100000000/10/iterations:5/manual_time",5,423.256,40.4079,ms,,,,,,1.11809e+07,929.915,3.83496e+08,609157,1.76981e+08,9187,12.0422,4.94036e+06,2.18423e+10,423.256,0,0.00406152,1.46833e+10,0,1.50528e+08,5.42577e+09
"BloomBlockedPartitionedMT_8/Count/150/16/16384/100000000/100000000/10/iterations:5/manual_time",5,425.204,40.8155,ms,,,,,,1.17538e+07,1122.73,3.77657e+08,611636,1.79684e+08,9187,12.0422,4.91195e+06,2.34186e+10,425.204,0,0.00406152,1.49095e+10,0,1.50528e+08,5.85462e+09
"BloomBlockedPartitionedMT_8/Count/150/17/16384/100000000/100000000/10/iterations:5/manual_time",5,433.419,41.2395,ms,,,,,,1.34083e+07,1500.09,3.88726e+08,636074,1.7727e+08,9187,12.0422,4.85119e+06,2.51313e+10,433.419,0,0.00406152,1.45978e+10,0,1.50528e+08,6.24285e+09
"BloomBlockedPartitionedMT_8/Count/150/18/16384/100000000/100000000/10/iterations:5/manual_time",5,434.981,41.7582,ms,,,,,,1.47146e+07,1289.14,3.95808e+08,687519,1.77304e+08,9187,12.0422,4.97404e+06,2.67517e+10,434.981,0,0.00406152,1.43529e+10,0,1.50528e+08,6.6419e+09
"BloomBlockedPartitionedMT_8/Count/150/19/16384/100000000/100000000/10/iterations:5/manual_time",5,438.869,41.1487,ms,,,,,,1.65026e+07,558.516,4.00541e+08,745611,1.77343e+08,9187,12.0422,4.96856e+06,2.8759e+10,438.869,0,0.00406152,1.44619e+10,0,1.50528e+08,7.14357e+09
"BloomBlockedPartitionedMT_8/Count/150/20/16384/100000000/100000000/10/iterations:5/manual_time",5,446.726,41.0038,ms,,,,,,1.91323e+07,1477.09,4.01062e+08,828024,1.83493e+08,9187,12.0422,5.26902e+06,3.11014e+10,446.726,0,0.00406152,1.54547e+10,0,1.50528e+08,7.74187e+09
"BloomBlockedPartitionedMT_8/Count/150/21/16384/100000000/100000000/10/iterations:5/manual_time",5,457.857,41.5985,ms,,,,,,1.96224e+07,991.854,4.01114e+08,847176,1.88308e+08,9187,12.0422,5.40249e+06,3.27718e+10,457.857,0,0.00406152,1.54418e+10,0,1.50528e+08,8.15726e+09
"BloomBlockedPartitionedMT_8/Count/150/22/16384/100000000/100000000/10/iterations:5/manual_time",5,457.283,41.2735,ms,,,,,,2.06281e+07,1423.97,3.97816e+08,855745,1.92567e+08,9187,12.0422,5.34575e+06,3.42798e+10,457.283,0,0.00406152,1.5006e+10,0,1.50528e+08,8.53203e+09
"BloomBlockedPartitionedMT_8/Count/150/23/16384/100000000/100000000/10/iterations:5/manual_time",5,461.431,41.562,ms,,,,,,2.26804e+07,1097.8,4.03586e+08,889663,1.91865e+08,9187,12.0422,5.36281e+06,3.61803e+10,461.431,0,0.00406152,1.47878e+10,0,1.50528e+08,8.99336e+09
"BloomBlockedPartitionedMT_8/Count/150/24/16384/100000000/100000000/10/iterations:5/manual_time",5,462.668,42.3786,ms,,,,,,2.35087e+07,1871.49,4.00344e+08,953167,1.91986e+08,9187,12.0422,5.22029e+06,3.83222e+10,462.668,0,0.00406152,1.48793e+10,0,1.50528e+08,9.43325e+09
"BloomBlockedPartitionedMT_8/Count/150/25/16384/100000000/100000000/10/iterations:5/manual_time",5,460.437,42.6246,ms,,,,,,2.43688e+07,1555,4.07475e+08,936137,1.894e+08,9187,12.0422,5.08702e+06,3.92886e+10,460.437,0,0.00406152,1.4701e+10,0,1.50528e+08,9.69231e+09
"BloomBlockedPartitionedMT_8/Count/150/26/16384/100000000/100000000/10/iterations:5/manual_time",5,465.034,42.422,ms,,,,,,2.59418e+07,1699.26,4.18607e+08,939526,1.84955e+08,9187,12.0422,5.11877e+06,4.14483e+10,465.034,0,0.00406152,1.45882e+10,0,1.50528e+08,1.01228e+10
"BloomBlockedPartitionedMT_8/Count/150/27/16384/100000000/100000000/10/iterations:5/manual_time",5,467.224,42.5141,ms,,,,,,2.74822e+07,1236.08,4.25057e+08,1.01916e+06,1.85969e+08,9187,12.0422,5.13045e+06,4.33087e+10,467.224,0,0.00406152,1.45454e+10,0,1.50528e+08,1.05938e+10
"BloomBlockedPartitionedMT_8/Count/150/28/16384/100000000/100000000/10/iterations:5/manual_time",5,473.075,42.447,ms,,,,,,2.78375e+07,1614.91,4.16209e+08,1.08159e+06,1.91356e+08,9187,12.0422,5.24776e+06,4.54449e+10,473.075,0,0.00406152,1.4953e+10,0,1.50528e+08,1.11171e+10
"BloomBlockedPartitionedMT_8/Count/150/29/16384/100000000/100000000/10/iterations:5/manual_time",5,480.163,44.0335,ms,,,,,,2.74016e+07,1491.59,4.15185e+08,1.06253e+06,1.97224e+08,9187,12.0422,5.51004e+06,4.77857e+10,480.163,0,0.00406152,1.50396e+10,0,1.50528e+08,1.16917e+10
"BloomBlockedPartitionedMT_8/Count/150/30/16384/100000000/100000000/10/iterations:5/manual_time",5,483.851,42.1313,ms,,,,,,2.87369e+07,1475.54,4.18515e+08,1.0982e+06,1.98344e+08,9187,12.0422,5.63127e+06,5.02047e+10,483.851,0,0.00406152,1.49822e+10,0,1.50528e+08,1.22889e+10
"BloomBlockedPartitionedMT_8/Count/150/31/16384/100000000/100000000/10/iterations:5/manual_time",5,493.758,42.1798,ms,,,,,,3.27811e+07,2682.23,4.27235e+08,1.14577e+06,1.98994e+08,9187,12.0422,5.83107e+06,5.33268e+10,493.758,0,0.00406152,1.49309e+10,0,1.50528e+08,1.30438e+10
"BloomBlockedPartitionedMT_8/Count/150/32/16384/100000000/100000000/10/iterations:5/manual_time",5,502.453,44.16,ms,,,,,,3.49335e+07,2689.13,4.26916e+08,1.16021e+06,2.02349e+08,9187,12.0422,5.85838e+06,5.58974e+10,502.453,0,0.00406152,1.42669e+10,0,1.50528e+08,1.36776e+10
